id,firstname,lastname,email,email2,profession,FieldName
100,Janenna,Arvo,Janenna.Arvo@yopmail.com,Janenna.Arvo@gmail.com,doctor,1
101,Flo,Bebe,Flo.Bebe@yopmail.com,Flo.Bebe@gmail.com,firefighter,2
102,Gwenneth,Kaete,Gwenneth.Kaete@yopmail.com,Gwenneth.Kaete@gmail.com,police officer,3
103,Elyssa,Evangelia,Elyssa.Evangelia@yopmail.com,Elyssa.Evangelia@gmail.com,police officer,4
104,Valeda,Elephus,Valeda.Elephus@yopmail.com,Valeda.Elephus@gmail.com,worker,5
105,Gaylene,Ezar,Gaylene.Ezar@yopmail.com,Gaylene.Ezar@gmail.com,doctor,6
106,Atlanta,Malina,Atlanta.Malina@yopmail.com,Atlanta.Malina@gmail.com,worker,7
107,Amara,Dorothy,Amara.Dorothy@yopmail.com,Amara.Dorothy@gmail.com,developer,8
108,Viviene,Rossner,Viviene.Rossner@yopmail.com,Viviene.Rossner@gmail.com,developer,9
109,Kristan,Merriott,Kristan.Merriott@yopmail.com,Kristan.Merriott@gmail.com,police officer,10
110,Heddie,Florina,Heddie.Florina@yopmail.com,Heddie.Florina@gmail.com,developer,11
111,Orsola,Tice,Orsola.Tice@yopmail.com,Orsola.Tice@gmail.com,police officer,12
112,Dorice,Kenney,Dorice.Kenney@yopmail.com,Dorice.Kenney@gmail.com,worker,13
113,Rosabelle,Callista,Rosabelle.Callista@yopmail.com,Rosabelle.Callista@gmail.com,police officer,14
114,Tierney,Irmine,Tierney.Irmine@yopmail.com,Tierney.Irmine@gmail.com,doctor,15
115,Larine,Cecile,Larine.Cecile@yopmail.com,Larine.Cecile@gmail.com,police officer,16
116,Nicoli,Georgy,Nicoli.Georgy@yopmail.com,Nicoli.Georgy@gmail.com,police officer,17
117,Petronia,Sacken,Petronia.Sacken@yopmail.com,Petronia.Sacken@gmail.com,doctor,18
118,Dyann,Vins,Dyann.Vins@yopmail.com,Dyann.Vins@gmail.com,police officer,19
119,Chandra,Karl,Chandra.Karl@yopmail.com,Chandra.Karl@gmail.com,worker,20
120,Darlleen,Dichy,Darlleen.Dichy@yopmail.com,Darlleen.Dichy@gmail.com,developer,21
121,Andree,Liebermann,Andree.Liebermann@yopmail.com,Andree.Liebermann@gmail.com,police officer,22
122,Riannon,Audly,Riannon.Audly@yopmail.com,Riannon.Audly@gmail.com,police officer,23
123,Danny,Kussell,Danny.Kussell@yopmail.com,Danny.Kussell@gmail.com,firefighter,24
124,Jennica,Hubert,Jennica.Hubert@yopmail.com,Jennica.Hubert@gmail.com,developer,25
125,Babita,Baptlsta,Babita.Baptlsta@yopmail.com,Babita.Baptlsta@gmail.com,firefighter,26
126,Leona,Jorgan,Leona.Jorgan@yopmail.com,Leona.Jorgan@gmail.com,developer,27
127,Verla,Kannry,Verla.Kannry@yopmail.com,Verla.Kannry@gmail.com,developer,28
128,Gui,Pacorro,Gui.Pacorro@yopmail.com,Gui.Pacorro@gmail.com,developer,29
129,Felice,Craggie,Felice.Craggie@yopmail.com,Felice.Craggie@gmail.com,worker,30
130,Adriana,Guthrie,Adriana.Guthrie@yopmail.com,Adriana.Guthrie@gmail.com,firefighter,31
131,Robbi,Sandye,Robbi.Sandye@yopmail.com,Robbi.Sandye@gmail.com,worker,32
132,Atlanta,Ax,Atlanta.Ax@yopmail.com,Atlanta.Ax@gmail.com,firefighter,33
133,Deedee,Rooney,Deedee.Rooney@yopmail.com,Deedee.Rooney@gmail.com,police officer,34
134,Codie,Marisa,Codie.Marisa@yopmail.com,Codie.Marisa@gmail.com,doctor,35
135,Beatriz,Briney,Beatriz.Briney@yopmail.com,Beatriz.Briney@gmail.com,developer,36
136,Lory,Zenas,Lory.Zenas@yopmail.com,Lory.Zenas@gmail.com,developer,37
137,Gui,Allina,Gui.Allina@yopmail.com,Gui.Allina@gmail.com,firefighter,38
138,Nita,Hylan,Nita.Hylan@yopmail.com,Nita.Hylan@gmail.com,police officer,39
139,Cecile,Rhu,Cecile.Rhu@yopmail.com,Cecile.Rhu@gmail.com,developer,40
140,Ruthe,Baudin,Ruthe.Baudin@yopmail.com,Ruthe.Baudin@gmail.com,police officer,41
141,Rhoda,Granoff,Rhoda.Granoff@yopmail.com,Rhoda.Granoff@gmail.com,worker,42
142,Beatriz,Lunsford,Beatriz.Lunsford@yopmail.com,Beatriz.Lunsford@gmail.com,doctor,43
143,Demetris,Ralfston,Demetris.Ralfston@yopmail.com,Demetris.Ralfston@gmail.com,developer,44
144,Gusty,Weaks,Gusty.Weaks@yopmail.com,Gusty.Weaks@gmail.com,developer,45
145,Roberta,Glenden,Roberta.Glenden@yopmail.com,Roberta.Glenden@gmail.com,worker,46
146,Juliane,Pulsifer,Juliane.Pulsifer@yopmail.com,Juliane.Pulsifer@gmail.com,doctor,47
147,Gwenneth,Jarib,Gwenneth.Jarib@yopmail.com,Gwenneth.Jarib@gmail.com,developer,48
148,Orelia,Dom,Orelia.Dom@yopmail.com,Orelia.Dom@gmail.com,worker,49
149,Christal,Pettiford,Christal.Pettiford@yopmail.com,Christal.Pettiford@gmail.com,developer,50
150,Asia,Linskey,Asia.Linskey@yopmail.com,Asia.Linskey@gmail.com,developer,51
151,Sheelagh,Hachmin,Sheelagh.Hachmin@yopmail.com,Sheelagh.Hachmin@gmail.com,police officer,52
152,Darlleen,Goth,Darlleen.Goth@yopmail.com,Darlleen.Goth@gmail.com,worker,53
153,Katuscha,Bryna,Katuscha.Bryna@yopmail.com,Katuscha.Bryna@gmail.com,worker,54
154,Doro,Tomasina,Doro.Tomasina@yopmail.com,Doro.Tomasina@gmail.com,firefighter,55
155,Pearline,Sidonius,Pearline.Sidonius@yopmail.com,Pearline.Sidonius@gmail.com,firefighter,56
156,Ingrid,Atonsah,Ingrid.Atonsah@yopmail.com,Ingrid.Atonsah@gmail.com,doctor,57
157,Britni,Hashim,Britni.Hashim@yopmail.com,Britni.Hashim@gmail.com,firefighter,58
158,Karly,Standing,Karly.Standing@yopmail.com,Karly.Standing@gmail.com,worker,59
159,Gilda,Orlene,Gilda.Orlene@yopmail.com,Gilda.Orlene@gmail.com,police officer,60
160,Mildrid,Dorine,Mildrid.Dorine@yopmail.com,Mildrid.Dorine@gmail.com,doctor,61
161,Brynna,Medrek,Brynna.Medrek@yopmail.com,Brynna.Medrek@gmail.com,developer,62
162,Nickie,Marisa,Nickie.Marisa@yopmail.com,Nickie.Marisa@gmail.com,developer,63
163,Korrie,Smitt,Korrie.Smitt@yopmail.com,Korrie.Smitt@gmail.com,developer,64
164,Donetta,Fosque,Donetta.Fosque@yopmail.com,Donetta.Fosque@gmail.com,developer,65
165,Edee,Maxi,Edee.Maxi@yopmail.com,Edee.Maxi@gmail.com,police officer,66
166,Luci,Odysseus,Luci.Odysseus@yopmail.com,Luci.Odysseus@gmail.com,developer,67
167,Tomasina,Kaete,Tomasina.Kaete@yopmail.com,Tomasina.Kaete@gmail.com,developer,68
168,Maud,Tacye,Maud.Tacye@yopmail.com,Maud.Tacye@gmail.com,firefighter,69
169,Lesly,Diogenes,Lesly.Diogenes@yopmail.com,Lesly.Diogenes@gmail.com,police officer,70
170,Donetta,Karylin,Donetta.Karylin@yopmail.com,Donetta.Karylin@gmail.com,police officer,71
171,Dorice,Abbot,Dorice.Abbot@yopmail.com,Dorice.Abbot@gmail.com,firefighter,72
172,Stephanie,Mauer,Stephanie.Mauer@yopmail.com,Stephanie.Mauer@gmail.com,firefighter,73
173,Mildrid,Shaver,Mildrid.Shaver@yopmail.com,Mildrid.Shaver@gmail.com,police officer,74
174,Jaime,Isacco,Jaime.Isacco@yopmail.com,Jaime.Isacco@gmail.com,doctor,75
175,Patricia,Solitta,Patricia.Solitta@yopmail.com,Patricia.Solitta@gmail.com,developer,76
176,Livvyy,Yusuk,Livvyy.Yusuk@yopmail.com,Livvyy.Yusuk@gmail.com,police officer,77
177,Phylis,Standing,Phylis.Standing@yopmail.com,Phylis.Standing@gmail.com,firefighter,78
178,Petronia,Ulphia,Petronia.Ulphia@yopmail.com,Petronia.Ulphia@gmail.com,doctor,79
179,Lyssa,Bury,Lyssa.Bury@yopmail.com,Lyssa.Bury@gmail.com,worker,80
180,Perry,Brittani,Perry.Brittani@yopmail.com,Perry.Brittani@gmail.com,firefighter,81
181,Veda,Adlare,Veda.Adlare@yopmail.com,Veda.Adlare@gmail.com,worker,82
182,Patricia,Gilmour,Patricia.Gilmour@yopmail.com,Patricia.Gilmour@gmail.com,doctor,83
183,Lisette,Ulphia,Lisette.Ulphia@yopmail.com,Lisette.Ulphia@gmail.com,worker,84
184,Elka,Sheedy,Elka.Sheedy@yopmail.com,Elka.Sheedy@gmail.com,developer,85
185,Shaylyn,Pyle,Shaylyn.Pyle@yopmail.com,Shaylyn.Pyle@gmail.com,developer,86
186,Alleen,Merat,Alleen.Merat@yopmail.com,Alleen.Merat@gmail.com,doctor,87
187,Marsiella,Fitzsimmons,Marsiella.Fitzsimmons@yopmail.com,Marsiella.Fitzsimmons@gmail.com,police officer,88
188,Rozele,Schlosser,Rozele.Schlosser@yopmail.com,Rozele.Schlosser@gmail.com,doctor,89
189,Clarice,Arathorn,Clarice.Arathorn@yopmail.com,Clarice.Arathorn@gmail.com,firefighter,90
190,Rhoda,Darrell,Rhoda.Darrell@yopmail.com,Rhoda.Darrell@gmail.com,worker,91
191,Alexine,Clie,Alexine.Clie@yopmail.com,Alexine.Clie@gmail.com,worker,92
192,Kenna,Vastah,Kenna.Vastah@yopmail.com,Kenna.Vastah@gmail.com,worker,93
193,Nelle,Bendick,Nelle.Bendick@yopmail.com,Nelle.Bendick@gmail.com,police officer,94
194,Marylou,Damarra,Marylou.Damarra@yopmail.com,Marylou.Damarra@gmail.com,firefighter,95
195,Mignon,Cavan,Mignon.Cavan@yopmail.com,Mignon.Cavan@gmail.com,developer,96
196,Angela,Rosalba,Angela.Rosalba@yopmail.com,Angela.Rosalba@gmail.com,worker,97
197,Cassondra,Marisa,Cassondra.Marisa@yopmail.com,Cassondra.Marisa@gmail.com,firefighter,98
198,Zsa Zsa,Cutlerr,Zsa Zsa.Cutlerr@yopmail.com,Zsa Zsa.Cutlerr@gmail.com,firefighter,99
199,Kara-Lynn,Schroth,Kara-Lynn.Schroth@yopmail.com,Kara-Lynn.Schroth@gmail.com,firefighter,100
200,Addia,Euridice,Addia.Euridice@yopmail.com,Addia.Euridice@gmail.com,worker,101
201,Phylis,Vernier,Phylis.Vernier@yopmail.com,Phylis.Vernier@gmail.com,doctor,102
202,Lolita,Bakerman,Lolita.Bakerman@yopmail.com,Lolita.Bakerman@gmail.com,doctor,103
203,Althea,Ciro,Althea.Ciro@yopmail.com,Althea.Ciro@gmail.com,doctor,104
204,Janeczka,Infield,Janeczka.Infield@yopmail.com,Janeczka.Infield@gmail.com,developer,105
205,Minne,Kravits,Minne.Kravits@yopmail.com,Minne.Kravits@gmail.com,police officer,106
206,Donnie,Amand,Donnie.Amand@yopmail.com,Donnie.Amand@gmail.com,firefighter,107
207,Antonietta,Kazimir,Antonietta.Kazimir@yopmail.com,Antonietta.Kazimir@gmail.com,worker,108
208,Rozele,Kolnick,Rozele.Kolnick@yopmail.com,Rozele.Kolnick@gmail.com,police officer,109
209,Liana,Jethro,Liana.Jethro@yopmail.com,Liana.Jethro@gmail.com,doctor,110
210,Gwenneth,Jillane,Gwenneth.Jillane@yopmail.com,Gwenneth.Jillane@gmail.com,firefighter,111
211,Madeleine,Uund,Madeleine.Uund@yopmail.com,Madeleine.Uund@gmail.com,police officer,112
212,Mamie,Edee,Mamie.Edee@yopmail.com,Mamie.Edee@gmail.com,developer,113
213,Brena,Rogerio,Brena.Rogerio@yopmail.com,Brena.Rogerio@gmail.com,firefighter,114
214,Allyce,Raseda,Allyce.Raseda@yopmail.com,Allyce.Raseda@gmail.com,police officer,115
215,Delilah,Laverne,Delilah.Laverne@yopmail.com,Delilah.Laverne@gmail.com,worker,116
216,Willetta,Hubert,Willetta.Hubert@yopmail.com,Willetta.Hubert@gmail.com,police officer,117
217,Bernardine,Wilona,Bernardine.Wilona@yopmail.com,Bernardine.Wilona@gmail.com,firefighter,118
218,Binny,Mallon,Binny.Mallon@yopmail.com,Binny.Mallon@gmail.com,firefighter,119
219,Teriann,Jeanne,Teriann.Jeanne@yopmail.com,Teriann.Jeanne@gmail.com,doctor,120
220,Merrie,Forrer,Merrie.Forrer@yopmail.com,Merrie.Forrer@gmail.com,worker,121
221,Zondra,Maisey,Zondra.Maisey@yopmail.com,Zondra.Maisey@gmail.com,doctor,122
222,Lonnie,Prober,Lonnie.Prober@yopmail.com,Lonnie.Prober@gmail.com,doctor,123
223,Korrie,Christal,Korrie.Christal@yopmail.com,Korrie.Christal@gmail.com,firefighter,124
224,Katharina,Forrer,Katharina.Forrer@yopmail.com,Katharina.Forrer@gmail.com,police officer,125
225,Dorothy,Xerxes,Dorothy.Xerxes@yopmail.com,Dorothy.Xerxes@gmail.com,firefighter,126
226,Mahalia,Blisse,Mahalia.Blisse@yopmail.com,Mahalia.Blisse@gmail.com,doctor,127
227,Cathie,Wenda,Cathie.Wenda@yopmail.com,Cathie.Wenda@gmail.com,doctor,128
228,Lesly,Shelba,Lesly.Shelba@yopmail.com,Lesly.Shelba@gmail.com,police officer,129
229,Gwyneth,Lunsford,Gwyneth.Lunsford@yopmail.com,Gwyneth.Lunsford@gmail.com,worker,130
230,Rhea,Peonir,Rhea.Peonir@yopmail.com,Rhea.Peonir@gmail.com,developer,131
231,Berget,Bahr,Berget.Bahr@yopmail.com,Berget.Bahr@gmail.com,police officer,132
232,Marcy,Scammon,Marcy.Scammon@yopmail.com,Marcy.Scammon@gmail.com,developer,133
233,Dolli,Jerald,Dolli.Jerald@yopmail.com,Dolli.Jerald@gmail.com,firefighter,134
234,Lexine,Eno,Lexine.Eno@yopmail.com,Lexine.Eno@gmail.com,doctor,135
235,Marjie,Cutlerr,Marjie.Cutlerr@yopmail.com,Marjie.Cutlerr@gmail.com,developer,136
236,Clary,Whiffen,Clary.Whiffen@yopmail.com,Clary.Whiffen@gmail.com,firefighter,137
237,Melisent,Kylander,Melisent.Kylander@yopmail.com,Melisent.Kylander@gmail.com,police officer,138
238,Lolita,Leler,Lolita.Leler@yopmail.com,Lolita.Leler@gmail.com,developer,139
239,Mallory,Terrence,Mallory.Terrence@yopmail.com,Mallory.Terrence@gmail.com,firefighter,140
240,Jere,Laurianne,Jere.Laurianne@yopmail.com,Jere.Laurianne@gmail.com,firefighter,141
241,Augustine,Johnsson,Augustine.Johnsson@yopmail.com,Augustine.Johnsson@gmail.com,firefighter,142
242,Carmela,Truc,Carmela.Truc@yopmail.com,Carmela.Truc@gmail.com,developer,143
243,Johna,Muriel,Johna.Muriel@yopmail.com,Johna.Muriel@gmail.com,firefighter,144
244,Ada,Killigrew,Ada.Killigrew@yopmail.com,Ada.Killigrew@gmail.com,developer,145
245,Hayley,Wolfgram,Hayley.Wolfgram@yopmail.com,Hayley.Wolfgram@gmail.com,police officer,146
246,Stacey,Guildroy,Stacey.Guildroy@yopmail.com,Stacey.Guildroy@gmail.com,worker,147
247,Gerrie,Hurley,Gerrie.Hurley@yopmail.com,Gerrie.Hurley@gmail.com,firefighter,148
248,Bertine,Lesley,Bertine.Lesley@yopmail.com,Bertine.Lesley@gmail.com,doctor,149
249,Liana,Tacye,Liana.Tacye@yopmail.com,Liana.Tacye@gmail.com,firefighter,150
250,Henriette,Wandie,Henriette.Wandie@yopmail.com,Henriette.Wandie@gmail.com,firefighter,151
251,Amara,Joli,Amara.Joli@yopmail.com,Amara.Joli@gmail.com,firefighter,152
252,Rori,Colyer,Rori.Colyer@yopmail.com,Rori.Colyer@gmail.com,developer,153
253,Maridel,Gombach,Maridel.Gombach@yopmail.com,Maridel.Gombach@gmail.com,worker,154
254,Lanae,Wattenberg,Lanae.Wattenberg@yopmail.com,Lanae.Wattenberg@gmail.com,firefighter,155
255,Eugine,Stover,Eugine.Stover@yopmail.com,Eugine.Stover@gmail.com,developer,156
256,Ivett,Izaak,Ivett.Izaak@yopmail.com,Ivett.Izaak@gmail.com,worker,157
257,Hettie,Masao,Hettie.Masao@yopmail.com,Hettie.Masao@gmail.com,doctor,158
258,Lorne,Erminia,Lorne.Erminia@yopmail.com,Lorne.Erminia@gmail.com,firefighter,159
259,Agathe,Nahum,Agathe.Nahum@yopmail.com,Agathe.Nahum@gmail.com,police officer,160
260,Helsa,Sheedy,Helsa.Sheedy@yopmail.com,Helsa.Sheedy@gmail.com,worker,161
261,Feliza,McAdams,Feliza.McAdams@yopmail.com,Feliza.McAdams@gmail.com,developer,162
262,Kristina,Marcellus,Kristina.Marcellus@yopmail.com,Kristina.Marcellus@gmail.com,firefighter,163
263,Helena,Nisbet,Helena.Nisbet@yopmail.com,Helena.Nisbet@gmail.com,worker,164
264,Tilly,Iiette,Tilly.Iiette@yopmail.com,Tilly.Iiette@gmail.com,developer,165
265,Chastity,Wadell,Chastity.Wadell@yopmail.com,Chastity.Wadell@gmail.com,worker,166
266,Cassondra,Ummersen,Cassondra.Ummersen@yopmail.com,Cassondra.Ummersen@gmail.com,police officer,167
267,Elbertina,Lenny,Elbertina.Lenny@yopmail.com,Elbertina.Lenny@gmail.com,police officer,168
268,Sharlene,Hillel,Sharlene.Hillel@yopmail.com,Sharlene.Hillel@gmail.com,developer,169
269,Therine,Sharl,Therine.Sharl@yopmail.com,Therine.Sharl@gmail.com,developer,170
270,Orsola,Weinreb,Orsola.Weinreb@yopmail.com,Orsola.Weinreb@gmail.com,doctor,171
271,Darci,Alexandr,Darci.Alexandr@yopmail.com,Darci.Alexandr@gmail.com,firefighter,172
272,Gavrielle,Rosette,Gavrielle.Rosette@yopmail.com,Gavrielle.Rosette@gmail.com,worker,173
273,Stevana,Roumell,Stevana.Roumell@yopmail.com,Stevana.Roumell@gmail.com,firefighter,174
274,Olwen,Drus,Olwen.Drus@yopmail.com,Olwen.Drus@gmail.com,firefighter,175
275,Imojean,Thilda,Imojean.Thilda@yopmail.com,Imojean.Thilda@gmail.com,police officer,176
276,Iseabal,Sasnett,Iseabal.Sasnett@yopmail.com,Iseabal.Sasnett@gmail.com,police officer,177
277,Phylis,Leary,Phylis.Leary@yopmail.com,Phylis.Leary@gmail.com,doctor,178
278,Kylynn,Payson,Kylynn.Payson@yopmail.com,Kylynn.Payson@gmail.com,doctor,179
279,Melanie,Natalia,Melanie.Natalia@yopmail.com,Melanie.Natalia@gmail.com,worker,180
280,Theodora,Wesle,Theodora.Wesle@yopmail.com,Theodora.Wesle@gmail.com,doctor,181
281,Willetta,Wiener,Willetta.Wiener@yopmail.com,Willetta.Wiener@gmail.com,doctor,182
282,Flo,Poll,Flo.Poll@yopmail.com,Flo.Poll@gmail.com,worker,183
283,Berget,Mata,Berget.Mata@yopmail.com,Berget.Mata@gmail.com,developer,184
284,Gilda,Byrne,Gilda.Byrne@yopmail.com,Gilda.Byrne@gmail.com,worker,185
285,Karolina,Pond,Karolina.Pond@yopmail.com,Karolina.Pond@gmail.com,doctor,186
286,Nannie,Daveta,Nannie.Daveta@yopmail.com,Nannie.Daveta@gmail.com,police officer,187
287,Lilith,Muriel,Lilith.Muriel@yopmail.com,Lilith.Muriel@gmail.com,police officer,188
288,Alyda,Corilla,Alyda.Corilla@yopmail.com,Alyda.Corilla@gmail.com,firefighter,189
289,Betta,Chinua,Betta.Chinua@yopmail.com,Betta.Chinua@gmail.com,developer,190
290,Letizia,McAdams,Letizia.McAdams@yopmail.com,Letizia.McAdams@gmail.com,developer,191
291,Tori,Kesley,Tori.Kesley@yopmail.com,Tori.Kesley@gmail.com,worker,192
292,Corina,Iaverne,Corina.Iaverne@yopmail.com,Corina.Iaverne@gmail.com,police officer,193
293,Jacenta,Zola,Jacenta.Zola@yopmail.com,Jacenta.Zola@gmail.com,police officer,194
294,Di,Holbrook,Di.Holbrook@yopmail.com,Di.Holbrook@gmail.com,doctor,195
295,Elie,Lasley,Elie.Lasley@yopmail.com,Elie.Lasley@gmail.com,worker,196
296,Alex,Winthorpe,Alex.Winthorpe@yopmail.com,Alex.Winthorpe@gmail.com,police officer,197
297,Nikki,Percy,Nikki.Percy@yopmail.com,Nikki.Percy@gmail.com,developer,198
298,Tarra,Audly,Tarra.Audly@yopmail.com,Tarra.Audly@gmail.com,worker,199
299,Petronia,Ellerey,Petronia.Ellerey@yopmail.com,Petronia.Ellerey@gmail.com,police officer,200
300,Tera,Hebner,Tera.Hebner@yopmail.com,Tera.Hebner@gmail.com,worker,201
301,Evaleen,Sophronia,Evaleen.Sophronia@yopmail.com,Evaleen.Sophronia@gmail.com,doctor,202
302,Cathyleen,Christine,Cathyleen.Christine@yopmail.com,Cathyleen.Christine@gmail.com,police officer,203
303,Leontine,Malina,Leontine.Malina@yopmail.com,Leontine.Malina@gmail.com,firefighter,204
304,Melisent,Erich,Melisent.Erich@yopmail.com,Melisent.Erich@gmail.com,police officer,205
305,Lynea,Yoko,Lynea.Yoko@yopmail.com,Lynea.Yoko@gmail.com,developer,206
306,Lisette,Randene,Lisette.Randene@yopmail.com,Lisette.Randene@gmail.com,worker,207
307,Neila,Whiffen,Neila.Whiffen@yopmail.com,Neila.Whiffen@gmail.com,police officer,208
308,Cristine,Idelia,Cristine.Idelia@yopmail.com,Cristine.Idelia@gmail.com,worker,209
309,Peri,Joeann,Peri.Joeann@yopmail.com,Peri.Joeann@gmail.com,developer,210
310,Starla,Cadmar,Starla.Cadmar@yopmail.com,Starla.Cadmar@gmail.com,firefighter,211
311,Renie,Morgun,Renie.Morgun@yopmail.com,Renie.Morgun@gmail.com,firefighter,212
312,Rosaline,Creamer,Rosaline.Creamer@yopmail.com,Rosaline.Creamer@gmail.com,developer,213
313,Marnia,Guthrie,Marnia.Guthrie@yopmail.com,Marnia.Guthrie@gmail.com,firefighter,214
314,Fanchon,Alexandr,Fanchon.Alexandr@yopmail.com,Fanchon.Alexandr@gmail.com,firefighter,215
315,Donnie,Weide,Donnie.Weide@yopmail.com,Donnie.Weide@gmail.com,police officer,216
316,Paule,Dulciana,Paule.Dulciana@yopmail.com,Paule.Dulciana@gmail.com,police officer,217
317,Brietta,Fitzsimmons,Brietta.Fitzsimmons@yopmail.com,Brietta.Fitzsimmons@gmail.com,worker,218
318,Ardenia,Isacco,Ardenia.Isacco@yopmail.com,Ardenia.Isacco@gmail.com,worker,219
319,Ketti,Jethro,Ketti.Jethro@yopmail.com,Ketti.Jethro@gmail.com,firefighter,220
320,Tamqrah,Deegan,Tamqrah.Deegan@yopmail.com,Tamqrah.Deegan@gmail.com,worker,221
321,Belva,Trace,Belva.Trace@yopmail.com,Belva.Trace@gmail.com,police officer,222
322,Jany,Arne,Jany.Arne@yopmail.com,Jany.Arne@gmail.com,firefighter,223
323,Kellen,Yerkovich,Kellen.Yerkovich@yopmail.com,Kellen.Yerkovich@gmail.com,police officer,224
324,Marleah,Klotz,Marleah.Klotz@yopmail.com,Marleah.Klotz@gmail.com,worker,225
325,Katuscha,Gibbeon,Katuscha.Gibbeon@yopmail.com,Katuscha.Gibbeon@gmail.com,worker,226
326,Edith,Marlie,Edith.Marlie@yopmail.com,Edith.Marlie@gmail.com,developer,227
327,Sue,Cohdwell,Sue.Cohdwell@yopmail.com,Sue.Cohdwell@gmail.com,worker,228
328,Mignon,Whittaker,Mignon.Whittaker@yopmail.com,Mignon.Whittaker@gmail.com,firefighter,229
329,Ardenia,Wolfgram,Ardenia.Wolfgram@yopmail.com,Ardenia.Wolfgram@gmail.com,doctor,230
330,Elka,Lattie,Elka.Lattie@yopmail.com,Elka.Lattie@gmail.com,doctor,231
331,Cathyleen,Ariella,Cathyleen.Ariella@yopmail.com,Cathyleen.Ariella@gmail.com,police officer,232
332,Joelly,Docilla,Joelly.Docilla@yopmail.com,Joelly.Docilla@gmail.com,police officer,233
333,Sue,Stover,Sue.Stover@yopmail.com,Sue.Stover@gmail.com,doctor,234
334,Melina,Quinn,Melina.Quinn@yopmail.com,Melina.Quinn@gmail.com,firefighter,235
335,Kaja,Secrest,Kaja.Secrest@yopmail.com,Kaja.Secrest@gmail.com,developer,236
336,Kathy,Elisha,Kathy.Elisha@yopmail.com,Kathy.Elisha@gmail.com,worker,237
337,Ilse,Lindemann,Ilse.Lindemann@yopmail.com,Ilse.Lindemann@gmail.com,firefighter,238
338,Blondelle,Carleen,Blondelle.Carleen@yopmail.com,Blondelle.Carleen@gmail.com,developer,239
339,Tarra,Latini,Tarra.Latini@yopmail.com,Tarra.Latini@gmail.com,firefighter,240
340,Valera,Sammons,Valera.Sammons@yopmail.com,Valera.Sammons@gmail.com,firefighter,241
341,Bernie,Rhu,Bernie.Rhu@yopmail.com,Bernie.Rhu@gmail.com,developer,242
342,Sean,Chapland,Sean.Chapland@yopmail.com,Sean.Chapland@gmail.com,developer,243
343,Kristan,Neils,Kristan.Neils@yopmail.com,Kristan.Neils@gmail.com,police officer,244
344,Bibby,Barbey,Bibby.Barbey@yopmail.com,Bibby.Barbey@gmail.com,worker,245
345,Merle,An,Merle.An@yopmail.com,Merle.An@gmail.com,police officer,246
346,Corene,Kauppi,Corene.Kauppi@yopmail.com,Corene.Kauppi@gmail.com,doctor,247
347,Jordan,Izaak,Jordan.Izaak@yopmail.com,Jordan.Izaak@gmail.com,firefighter,248
348,Sherrie,Ambrosia,Sherrie.Ambrosia@yopmail.com,Sherrie.Ambrosia@gmail.com,doctor,249
349,Georgetta,Clarissa,Georgetta.Clarissa@yopmail.com,Georgetta.Clarissa@gmail.com,developer,250
350,Katuscha,Konyn,Katuscha.Konyn@yopmail.com,Katuscha.Konyn@gmail.com,firefighter,251
351,Concettina,Vale,Concettina.Vale@yopmail.com,Concettina.Vale@gmail.com,worker,252
352,Hallie,Ranjiv,Hallie.Ranjiv@yopmail.com,Hallie.Ranjiv@gmail.com,firefighter,253
353,Melanie,Lamoree,Melanie.Lamoree@yopmail.com,Melanie.Lamoree@gmail.com,worker,254
354,Cyndie,Erminia,Cyndie.Erminia@yopmail.com,Cyndie.Erminia@gmail.com,doctor,255
355,Laurene,Sheedy,Laurene.Sheedy@yopmail.com,Laurene.Sheedy@gmail.com,developer,256
356,Lacie,Monaco,Lacie.Monaco@yopmail.com,Lacie.Monaco@gmail.com,worker,257
357,Heddie,Zeeba,Heddie.Zeeba@yopmail.com,Heddie.Zeeba@gmail.com,police officer,258
358,Amelia,Damarra,Amelia.Damarra@yopmail.com,Amelia.Damarra@gmail.com,developer,259
359,Olwen,Avi,Olwen.Avi@yopmail.com,Olwen.Avi@gmail.com,firefighter,260
360,Donnie,Swigart,Donnie.Swigart@yopmail.com,Donnie.Swigart@gmail.com,police officer,261
361,Rori,Gavrila,Rori.Gavrila@yopmail.com,Rori.Gavrila@gmail.com,doctor,262
362,Andeee,Mathilde,Andeee.Mathilde@yopmail.com,Andeee.Mathilde@gmail.com,firefighter,263
363,Rosaline,Kress,Rosaline.Kress@yopmail.com,Rosaline.Kress@gmail.com,firefighter,264
364,Annora,Cherianne,Annora.Cherianne@yopmail.com,Annora.Cherianne@gmail.com,doctor,265
365,Kimberley,Yusuk,Kimberley.Yusuk@yopmail.com,Kimberley.Yusuk@gmail.com,police officer,266
366,Cissiee,Monaco,Cissiee.Monaco@yopmail.com,Cissiee.Monaco@gmail.com,developer,267
367,Benita,Brian,Benita.Brian@yopmail.com,Benita.Brian@gmail.com,developer,268
368,Jasmina,Arathorn,Jasmina.Arathorn@yopmail.com,Jasmina.Arathorn@gmail.com,firefighter,269
369,Cherilyn,Schonfeld,Cherilyn.Schonfeld@yopmail.com,Cherilyn.Schonfeld@gmail.com,doctor,270
370,Valera,Natica,Valera.Natica@yopmail.com,Valera.Natica@gmail.com,developer,271
371,Lauryn,Hathaway,Lauryn.Hathaway@yopmail.com,Lauryn.Hathaway@gmail.com,doctor,272
372,Jessamyn,Hoban,Jessamyn.Hoban@yopmail.com,Jessamyn.Hoban@gmail.com,doctor,273
373,Josephine,Yerkovich,Josephine.Yerkovich@yopmail.com,Josephine.Yerkovich@gmail.com,police officer,274
374,Georgetta,Lymann,Georgetta.Lymann@yopmail.com,Georgetta.Lymann@gmail.com,police officer,275
375,Cordi,Toor,Cordi.Toor@yopmail.com,Cordi.Toor@gmail.com,doctor,276
376,Glynnis,Podvin,Glynnis.Podvin@yopmail.com,Glynnis.Podvin@gmail.com,developer,277
377,Elsie,Barney,Elsie.Barney@yopmail.com,Elsie.Barney@gmail.com,worker,278
378,Miquela,Liebermann,Miquela.Liebermann@yopmail.com,Miquela.Liebermann@gmail.com,worker,279
379,Dianemarie,Bevin,Dianemarie.Bevin@yopmail.com,Dianemarie.Bevin@gmail.com,doctor,280
380,Agathe,Bashemeth,Agathe.Bashemeth@yopmail.com,Agathe.Bashemeth@gmail.com,firefighter,281
381,Blinni,Tiffa,Blinni.Tiffa@yopmail.com,Blinni.Tiffa@gmail.com,police officer,282
382,Binny,Esmaria,Binny.Esmaria@yopmail.com,Binny.Esmaria@gmail.com,police officer,283
383,Ann-Marie,Brieta,Ann-Marie.Brieta@yopmail.com,Ann-Marie.Brieta@gmail.com,firefighter,284
384,Alia,Dowski,Alia.Dowski@yopmail.com,Alia.Dowski@gmail.com,police officer,285
385,Fayre,Earlie,Fayre.Earlie@yopmail.com,Fayre.Earlie@gmail.com,police officer,286
386,Norine,Secrest,Norine.Secrest@yopmail.com,Norine.Secrest@gmail.com,worker,287
387,Corina,Brackely,Corina.Brackely@yopmail.com,Corina.Brackely@gmail.com,police officer,288
388,Elena,Neva,Elena.Neva@yopmail.com,Elena.Neva@gmail.com,police officer,289
389,Winny,Codding,Winny.Codding@yopmail.com,Winny.Codding@gmail.com,police officer,290
390,Eolanda,Edvard,Eolanda.Edvard@yopmail.com,Eolanda.Edvard@gmail.com,doctor,291
391,Ida,Girardo,Ida.Girardo@yopmail.com,Ida.Girardo@gmail.com,police officer,292
392,Gianina,Liva,Gianina.Liva@yopmail.com,Gianina.Liva@gmail.com,developer,293
393,Zia,Lasley,Zia.Lasley@yopmail.com,Zia.Lasley@gmail.com,police officer,294
394,Averyl,Dreda,Averyl.Dreda@yopmail.com,Averyl.Dreda@gmail.com,firefighter,295
395,Annaliese,Schlosser,Annaliese.Schlosser@yopmail.com,Annaliese.Schlosser@gmail.com,developer,296
396,Cathyleen,Cyrie,Cathyleen.Cyrie@yopmail.com,Cathyleen.Cyrie@gmail.com,police officer,297
397,Kerrin,Zamora,Kerrin.Zamora@yopmail.com,Kerrin.Zamora@gmail.com,doctor,298
398,Lorne,Ivens,Lorne.Ivens@yopmail.com,Lorne.Ivens@gmail.com,police officer,299
399,Winny,Kunin,Winny.Kunin@yopmail.com,Winny.Kunin@gmail.com,developer,300
400,Carmencita,Bach,Carmencita.Bach@yopmail.com,Carmencita.Bach@gmail.com,doctor,301
401,Clo,Darrell,Clo.Darrell@yopmail.com,Clo.Darrell@gmail.com,developer,302
402,Livvyy,LaRue,Livvyy.LaRue@yopmail.com,Livvyy.LaRue@gmail.com,police officer,303
403,Vinita,Stilwell,Vinita.Stilwell@yopmail.com,Vinita.Stilwell@gmail.com,worker,304
404,Lindie,Angelis,Lindie.Angelis@yopmail.com,Lindie.Angelis@gmail.com,police officer,305
405,Frank,MacIntosh,Frank.MacIntosh@yopmail.com,Frank.MacIntosh@gmail.com,police officer,306
406,Chloris,Fancie,Chloris.Fancie@yopmail.com,Chloris.Fancie@gmail.com,developer,307
407,Paulita,Kamaria,Paulita.Kamaria@yopmail.com,Paulita.Kamaria@gmail.com,police officer,308
408,Hope,Johnsson,Hope.Johnsson@yopmail.com,Hope.Johnsson@gmail.com,police officer,309
409,Nickie,Tatianas,Nickie.Tatianas@yopmail.com,Nickie.Tatianas@gmail.com,doctor,310
410,Lorne,Sparhawk,Lorne.Sparhawk@yopmail.com,Lorne.Sparhawk@gmail.com,doctor,311
411,Mariele,Docilla,Mariele.Docilla@yopmail.com,Mariele.Docilla@gmail.com,developer,312
412,Joleen,Leffen,Joleen.Leffen@yopmail.com,Joleen.Leffen@gmail.com,police officer,313
413,Carmencita,Ajay,Carmencita.Ajay@yopmail.com,Carmencita.Ajay@gmail.com,firefighter,314
414,Camile,Bonucci,Camile.Bonucci@yopmail.com,Camile.Bonucci@gmail.com,developer,315
415,Selma,Rona,Selma.Rona@yopmail.com,Selma.Rona@gmail.com,police officer,316
416,Paule,Urania,Paule.Urania@yopmail.com,Paule.Urania@gmail.com,firefighter,317
417,Lesly,Fancie,Lesly.Fancie@yopmail.com,Lesly.Fancie@gmail.com,worker,318
418,Lynde,Federica,Lynde.Federica@yopmail.com,Lynde.Federica@gmail.com,doctor,319
419,Arlina,Roumell,Arlina.Roumell@yopmail.com,Arlina.Roumell@gmail.com,firefighter,320
420,Mady,Pond,Mady.Pond@yopmail.com,Mady.Pond@gmail.com,firefighter,321
421,Fayre,Han,Fayre.Han@yopmail.com,Fayre.Han@gmail.com,worker,322
422,Katuscha,Noelyn,Katuscha.Noelyn@yopmail.com,Katuscha.Noelyn@gmail.com,police officer,323
423,Leia,Faso,Leia.Faso@yopmail.com,Leia.Faso@gmail.com,worker,324
424,Marti,Brunell,Marti.Brunell@yopmail.com,Marti.Brunell@gmail.com,doctor,325
425,Lolita,Therine,Lolita.Therine@yopmail.com,Lolita.Therine@gmail.com,developer,326
426,Bobbi,Niccolo,Bobbi.Niccolo@yopmail.com,Bobbi.Niccolo@gmail.com,firefighter,327
427,Sheelagh,Glenden,Sheelagh.Glenden@yopmail.com,Sheelagh.Glenden@gmail.com,developer,328
428,Jacenta,Chauncey,Jacenta.Chauncey@yopmail.com,Jacenta.Chauncey@gmail.com,worker,329
429,Elise,Oneida,Elise.Oneida@yopmail.com,Elise.Oneida@gmail.com,police officer,330
430,Doralynne,Reneta,Doralynne.Reneta@yopmail.com,Doralynne.Reneta@gmail.com,firefighter,331
431,Isa,Thomasina,Isa.Thomasina@yopmail.com,Isa.Thomasina@gmail.com,developer,332
432,Karlee,Juliet,Karlee.Juliet@yopmail.com,Karlee.Juliet@gmail.com,police officer,333
433,Loree,Tristram,Loree.Tristram@yopmail.com,Loree.Tristram@gmail.com,police officer,334
434,Danny,Parette,Danny.Parette@yopmail.com,Danny.Parette@gmail.com,doctor,335
435,Cherrita,Swanhildas,Cherrita.Swanhildas@yopmail.com,Cherrita.Swanhildas@gmail.com,firefighter,336
436,Ottilie,Brunell,Ottilie.Brunell@yopmail.com,Ottilie.Brunell@gmail.com,worker,337
437,Ottilie,Fink,Ottilie.Fink@yopmail.com,Ottilie.Fink@gmail.com,doctor,338
438,Concettina,Kinnard,Concettina.Kinnard@yopmail.com,Concettina.Kinnard@gmail.com,developer,339
439,Asia,Barbey,Asia.Barbey@yopmail.com,Asia.Barbey@gmail.com,developer,340
440,Sibella,Blake,Sibella.Blake@yopmail.com,Sibella.Blake@gmail.com,police officer,341
441,Merry,Graig,Merry.Graig@yopmail.com,Merry.Graig@gmail.com,firefighter,342
442,Estell,Marden,Estell.Marden@yopmail.com,Estell.Marden@gmail.com,doctor,343
443,Harmonia,Egbert,Harmonia.Egbert@yopmail.com,Harmonia.Egbert@gmail.com,worker,344
444,Winifred,Margarete,Winifred.Margarete@yopmail.com,Winifred.Margarete@gmail.com,developer,345
445,Brietta,Pip,Brietta.Pip@yopmail.com,Brietta.Pip@gmail.com,developer,346
446,Claresta,Even,Claresta.Even@yopmail.com,Claresta.Even@gmail.com,doctor,347
447,Gerianna,Ehrman,Gerianna.Ehrman@yopmail.com,Gerianna.Ehrman@gmail.com,firefighter,348
448,Nerta,Khorma,Nerta.Khorma@yopmail.com,Nerta.Khorma@gmail.com,worker,349
449,Gerrie,Edee,Gerrie.Edee@yopmail.com,Gerrie.Edee@gmail.com,doctor,350
450,Sharai,Afton,Sharai.Afton@yopmail.com,Sharai.Afton@gmail.com,doctor,351
451,Louella,Buckler,Louella.Buckler@yopmail.com,Louella.Buckler@gmail.com,doctor,352
452,Veda,Si,Veda.Si@yopmail.com,Veda.Si@gmail.com,worker,353
453,Joceline,Ortrude,Joceline.Ortrude@yopmail.com,Joceline.Ortrude@gmail.com,worker,354
454,Marsiella,Shelba,Marsiella.Shelba@yopmail.com,Marsiella.Shelba@gmail.com,doctor,355
455,Kary,Cherianne,Kary.Cherianne@yopmail.com,Kary.Cherianne@gmail.com,firefighter,356
456,Ann-Marie,Wandie,Ann-Marie.Wandie@yopmail.com,Ann-Marie.Wandie@gmail.com,developer,357
457,Libbie,Macey,Libbie.Macey@yopmail.com,Libbie.Macey@gmail.com,police officer,358
458,Maurene,Brunell,Maurene.Brunell@yopmail.com,Maurene.Brunell@gmail.com,firefighter,359
459,Ernesta,Wyn,Ernesta.Wyn@yopmail.com,Ernesta.Wyn@gmail.com,police officer,360
460,Vonny,Jeanne,Vonny.Jeanne@yopmail.com,Vonny.Jeanne@gmail.com,police officer,361
461,Bettine,Sawtelle,Bettine.Sawtelle@yopmail.com,Bettine.Sawtelle@gmail.com,firefighter,362
462,Layla,Meter,Layla.Meter@yopmail.com,Layla.Meter@gmail.com,developer,363
463,Rayna,Kamaria,Rayna.Kamaria@yopmail.com,Rayna.Kamaria@gmail.com,police officer,364
464,Winny,Milson,Winny.Milson@yopmail.com,Winny.Milson@gmail.com,developer,365
465,Marti,Christal,Marti.Christal@yopmail.com,Marti.Christal@gmail.com,doctor,366
466,Ida,Eno,Ida.Eno@yopmail.com,Ida.Eno@gmail.com,developer,367
467,Carol-Jean,Fairweather,Carol-Jean.Fairweather@yopmail.com,Carol-Jean.Fairweather@gmail.com,doctor,368
468,Lynnea,Leffen,Lynnea.Leffen@yopmail.com,Lynnea.Leffen@gmail.com,firefighter,369
469,Briney,Hessler,Briney.Hessler@yopmail.com,Briney.Hessler@gmail.com,doctor,370
470,Aili,Tamar,Aili.Tamar@yopmail.com,Aili.Tamar@gmail.com,doctor,371
471,Delilah,Amethist,Delilah.Amethist@yopmail.com,Delilah.Amethist@gmail.com,police officer,372
472,Nikki,Carvey,Nikki.Carvey@yopmail.com,Nikki.Carvey@gmail.com,developer,373
473,Chandra,Sherrie,Chandra.Sherrie@yopmail.com,Chandra.Sherrie@gmail.com,firefighter,374
474,Demetris,Cutlerr,Demetris.Cutlerr@yopmail.com,Demetris.Cutlerr@gmail.com,developer,375
475,Donetta,Moseley,Donetta.Moseley@yopmail.com,Donetta.Moseley@gmail.com,developer,376
476,Lelah,Sikorski,Lelah.Sikorski@yopmail.com,Lelah.Sikorski@gmail.com,developer,377
477,Lindie,Sholley,Lindie.Sholley@yopmail.com,Lindie.Sholley@gmail.com,firefighter,378
478,Mariann,Nicoline,Mariann.Nicoline@yopmail.com,Mariann.Nicoline@gmail.com,doctor,379
479,Sheelagh,Blake,Sheelagh.Blake@yopmail.com,Sheelagh.Blake@gmail.com,developer,380
480,Heddie,Orlene,Heddie.Orlene@yopmail.com,Heddie.Orlene@gmail.com,police officer,381
481,Gisela,Frendel,Gisela.Frendel@yopmail.com,Gisela.Frendel@gmail.com,worker,382
482,Annice,Ade,Annice.Ade@yopmail.com,Annice.Ade@gmail.com,police officer,383
483,Daune,Karylin,Daune.Karylin@yopmail.com,Daune.Karylin@gmail.com,police officer,384
484,Robinia,Glenden,Robinia.Glenden@yopmail.com,Robinia.Glenden@gmail.com,doctor,385
485,Brietta,Junie,Brietta.Junie@yopmail.com,Brietta.Junie@gmail.com,firefighter,386
486,Leontine,Arley,Leontine.Arley@yopmail.com,Leontine.Arley@gmail.com,doctor,387
487,Abbie,Ludewig,Abbie.Ludewig@yopmail.com,Abbie.Ludewig@gmail.com,firefighter,388
488,Charmaine,Vastah,Charmaine.Vastah@yopmail.com,Charmaine.Vastah@gmail.com,police officer,389
489,Joane,Nea,Joane.Nea@yopmail.com,Joane.Nea@gmail.com,firefighter,390
490,Sidoney,Read,Sidoney.Read@yopmail.com,Sidoney.Read@gmail.com,doctor,391
491,Katuscha,Posner,Katuscha.Posner@yopmail.com,Katuscha.Posner@gmail.com,worker,392
492,Jere,Laverne,Jere.Laverne@yopmail.com,Jere.Laverne@gmail.com,doctor,393
493,Paola,Liva,Paola.Liva@yopmail.com,Paola.Liva@gmail.com,worker,394
494,Karena,Gregrory,Karena.Gregrory@yopmail.com,Karena.Gregrory@gmail.com,firefighter,395
495,Danny,Margret,Danny.Margret@yopmail.com,Danny.Margret@gmail.com,doctor,396
496,Mallory,Madaih,Mallory.Madaih@yopmail.com,Mallory.Madaih@gmail.com,firefighter,397
497,Olivette,Zina,Olivette.Zina@yopmail.com,Olivette.Zina@gmail.com,firefighter,398
498,Shell,Martsen,Shell.Martsen@yopmail.com,Shell.Martsen@gmail.com,police officer,399
499,Philis,Penelopa,Philis.Penelopa@yopmail.com,Philis.Penelopa@gmail.com,doctor,400
500,Aaren,Dowski,Aaren.Dowski@yopmail.com,Aaren.Dowski@gmail.com,firefighter,401
501,Violet,Cookie,Violet.Cookie@yopmail.com,Violet.Cookie@gmail.com,doctor,402
502,Josephine,Blake,Josephine.Blake@yopmail.com,Josephine.Blake@gmail.com,doctor,403
503,Ardys,Bendick,Ardys.Bendick@yopmail.com,Ardys.Bendick@gmail.com,police officer,404
504,Kimmy,Kendrick,Kimmy.Kendrick@yopmail.com,Kimmy.Kendrick@gmail.com,firefighter,405
505,Brooks,Johnsson,Brooks.Johnsson@yopmail.com,Brooks.Johnsson@gmail.com,police officer,406
506,Allyce,Cornelia,Allyce.Cornelia@yopmail.com,Allyce.Cornelia@gmail.com,developer,407
507,Madalyn,Nickola,Madalyn.Nickola@yopmail.com,Madalyn.Nickola@gmail.com,police officer,408
508,Nessie,Blase,Nessie.Blase@yopmail.com,Nessie.Blase@gmail.com,doctor,409
509,Cristine,Rillings,Cristine.Rillings@yopmail.com,Cristine.Rillings@gmail.com,developer,410
510,Nariko,Gilbertson,Nariko.Gilbertson@yopmail.com,Nariko.Gilbertson@gmail.com,firefighter,411
511,Lulita,Riordan,Lulita.Riordan@yopmail.com,Lulita.Riordan@gmail.com,developer,412
512,Lanae,Fulmer,Lanae.Fulmer@yopmail.com,Lanae.Fulmer@gmail.com,worker,413
513,Sandie,Emmaline,Sandie.Emmaline@yopmail.com,Sandie.Emmaline@gmail.com,worker,414
514,Kore,Barrus,Kore.Barrus@yopmail.com,Kore.Barrus@gmail.com,doctor,415
515,Latisha,Adamsen,Latisha.Adamsen@yopmail.com,Latisha.Adamsen@gmail.com,police officer,416
516,Donetta,Primalia,Donetta.Primalia@yopmail.com,Donetta.Primalia@gmail.com,worker,417
517,Donnie,Regan,Donnie.Regan@yopmail.com,Donnie.Regan@gmail.com,worker,418
518,Elyssa,Newell,Elyssa.Newell@yopmail.com,Elyssa.Newell@gmail.com,firefighter,419
519,Robbi,Heisel,Robbi.Heisel@yopmail.com,Robbi.Heisel@gmail.com,doctor,420
520,Tonia,Eno,Tonia.Eno@yopmail.com,Tonia.Eno@gmail.com,doctor,421
521,Halette,Allare,Halette.Allare@yopmail.com,Halette.Allare@gmail.com,worker,422
522,Gaylene,Magdalen,Gaylene.Magdalen@yopmail.com,Gaylene.Magdalen@gmail.com,developer,423
523,Meriel,Stav,Meriel.Stav@yopmail.com,Meriel.Stav@gmail.com,doctor,424
524,Alisha,Iphlgenia,Alisha.Iphlgenia@yopmail.com,Alisha.Iphlgenia@gmail.com,doctor,425
525,Flo,Hebner,Flo.Hebner@yopmail.com,Flo.Hebner@gmail.com,firefighter,426
526,Libbie,Dowski,Libbie.Dowski@yopmail.com,Libbie.Dowski@gmail.com,firefighter,427
527,Winny,Remmer,Winny.Remmer@yopmail.com,Winny.Remmer@gmail.com,developer,428
528,Isa,Vilma,Isa.Vilma@yopmail.com,Isa.Vilma@gmail.com,doctor,429
529,Carmencita,Cullin,Carmencita.Cullin@yopmail.com,Carmencita.Cullin@gmail.com,police officer,430
530,Kate,Shelba,Kate.Shelba@yopmail.com,Kate.Shelba@gmail.com,doctor,431
531,Rosanne,Harned,Rosanne.Harned@yopmail.com,Rosanne.Harned@gmail.com,firefighter,432
532,Dorene,Voletta,Dorene.Voletta@yopmail.com,Dorene.Voletta@gmail.com,firefighter,433
533,Karly,Annice,Karly.Annice@yopmail.com,Karly.Annice@gmail.com,doctor,434
534,Joleen,Gualtiero,Joleen.Gualtiero@yopmail.com,Joleen.Gualtiero@gmail.com,developer,435
535,Gretal,Japeth,Gretal.Japeth@yopmail.com,Gretal.Japeth@gmail.com,developer,436
536,Charissa,Ingra,Charissa.Ingra@yopmail.com,Charissa.Ingra@gmail.com,developer,437
537,Stephanie,Friede,Stephanie.Friede@yopmail.com,Stephanie.Friede@gmail.com,developer,438
538,Rayna,Madaih,Rayna.Madaih@yopmail.com,Rayna.Madaih@gmail.com,developer,439
539,Edee,Joseph,Edee.Joseph@yopmail.com,Edee.Joseph@gmail.com,doctor,440
540,Livvyy,Sallyann,Livvyy.Sallyann@yopmail.com,Livvyy.Sallyann@gmail.com,firefighter,441
541,Elka,Sinegold,Elka.Sinegold@yopmail.com,Elka.Sinegold@gmail.com,firefighter,442
542,Daphne,Irmine,Daphne.Irmine@yopmail.com,Daphne.Irmine@gmail.com,doctor,443
543,Oona,Timon,Oona.Timon@yopmail.com,Oona.Timon@gmail.com,developer,444
544,Danny,Haldas,Danny.Haldas@yopmail.com,Danny.Haldas@gmail.com,developer,445
545,Berget,Ochs,Berget.Ochs@yopmail.com,Berget.Ochs@gmail.com,firefighter,446
546,Barbi,Ardra,Barbi.Ardra@yopmail.com,Barbi.Ardra@gmail.com,worker,447
547,Abbie,Couture,Abbie.Couture@yopmail.com,Abbie.Couture@gmail.com,police officer,448
548,Yetty,Ade,Yetty.Ade@yopmail.com,Yetty.Ade@gmail.com,developer,449
549,Eve,Shields,Eve.Shields@yopmail.com,Eve.Shields@gmail.com,firefighter,450
550,Brena,Soneson,Brena.Soneson@yopmail.com,Brena.Soneson@gmail.com,worker,451
551,Mariann,Ciro,Mariann.Ciro@yopmail.com,Mariann.Ciro@gmail.com,worker,452
552,Minda,Pauly,Minda.Pauly@yopmail.com,Minda.Pauly@gmail.com,firefighter,453
553,Wileen,Lemuela,Wileen.Lemuela@yopmail.com,Wileen.Lemuela@gmail.com,doctor,454
554,Elka,Reidar,Elka.Reidar@yopmail.com,Elka.Reidar@gmail.com,developer,455
555,Tobe,Socha,Tobe.Socha@yopmail.com,Tobe.Socha@gmail.com,doctor,456
556,Carree,Madelene,Carree.Madelene@yopmail.com,Carree.Madelene@gmail.com,firefighter,457
557,Rosaline,An,Rosaline.An@yopmail.com,Rosaline.An@gmail.com,worker,458
558,Sean,Faust,Sean.Faust@yopmail.com,Sean.Faust@gmail.com,doctor,459
559,Candi,Stevy,Candi.Stevy@yopmail.com,Candi.Stevy@gmail.com,police officer,460
560,Nanete,Fitzsimmons,Nanete.Fitzsimmons@yopmail.com,Nanete.Fitzsimmons@gmail.com,developer,461
561,Caressa,Ludewig,Caressa.Ludewig@yopmail.com,Caressa.Ludewig@gmail.com,police officer,462
562,Ginnie,Yorick,Ginnie.Yorick@yopmail.com,Ginnie.Yorick@gmail.com,worker,463
563,Janey,Stover,Janey.Stover@yopmail.com,Janey.Stover@gmail.com,firefighter,464
564,Jsandye,Suzetta,Jsandye.Suzetta@yopmail.com,Jsandye.Suzetta@gmail.com,police officer,465
565,Camile,Teryn,Camile.Teryn@yopmail.com,Camile.Teryn@gmail.com,police officer,466
566,Valeda,Jacinda,Valeda.Jacinda@yopmail.com,Valeda.Jacinda@gmail.com,worker,467
567,Berta,Germann,Berta.Germann@yopmail.com,Berta.Germann@gmail.com,firefighter,468
568,Augustine,Darbie,Augustine.Darbie@yopmail.com,Augustine.Darbie@gmail.com,developer,469
569,Kaia,Lilybelle,Kaia.Lilybelle@yopmail.com,Kaia.Lilybelle@gmail.com,firefighter,470
570,Bertine,Reinke,Bertine.Reinke@yopmail.com,Bertine.Reinke@gmail.com,worker,471
571,Babita,Franza,Babita.Franza@yopmail.com,Babita.Franza@gmail.com,police officer,472
572,Sarette,Charity,Sarette.Charity@yopmail.com,Sarette.Charity@gmail.com,firefighter,473
573,Gwenneth,Adamsen,Gwenneth.Adamsen@yopmail.com,Gwenneth.Adamsen@gmail.com,developer,474
574,Flo,Cyrie,Flo.Cyrie@yopmail.com,Flo.Cyrie@gmail.com,doctor,475
575,Nita,Nadia,Nita.Nadia@yopmail.com,Nita.Nadia@gmail.com,worker,476
576,Krystle,Goldina,Krystle.Goldina@yopmail.com,Krystle.Goldina@gmail.com,police officer,477
577,Mary,Tannie,Mary.Tannie@yopmail.com,Mary.Tannie@gmail.com,doctor,478
578,Ardenia,Vale,Ardenia.Vale@yopmail.com,Ardenia.Vale@gmail.com,police officer,479
579,Mignon,Halsey,Mignon.Halsey@yopmail.com,Mignon.Halsey@gmail.com,worker,480
580,Rhoda,Hashim,Rhoda.Hashim@yopmail.com,Rhoda.Hashim@gmail.com,developer,481
581,Alex,Amasa,Alex.Amasa@yopmail.com,Alex.Amasa@gmail.com,developer,482
582,Tracey,Monk,Tracey.Monk@yopmail.com,Tracey.Monk@gmail.com,firefighter,483
583,Alia,Dermott,Alia.Dermott@yopmail.com,Alia.Dermott@gmail.com,developer,484
584,Chere,Bearnard,Chere.Bearnard@yopmail.com,Chere.Bearnard@gmail.com,firefighter,485
585,Kirstin,Guthrie,Kirstin.Guthrie@yopmail.com,Kirstin.Guthrie@gmail.com,police officer,486
586,Luci,Hollingsworth,Luci.Hollingsworth@yopmail.com,Luci.Hollingsworth@gmail.com,police officer,487
587,Tierney,Liva,Tierney.Liva@yopmail.com,Tierney.Liva@gmail.com,firefighter,488
588,Carlie,Khorma,Carlie.Khorma@yopmail.com,Carlie.Khorma@gmail.com,police officer,489
589,Maridel,Klemperer,Maridel.Klemperer@yopmail.com,Maridel.Klemperer@gmail.com,worker,490
590,Tatiania,Syd,Tatiania.Syd@yopmail.com,Tatiania.Syd@gmail.com,developer,491
591,Lusa,Gemini,Lusa.Gemini@yopmail.com,Lusa.Gemini@gmail.com,developer,492
592,Shel,Lamoree,Shel.Lamoree@yopmail.com,Shel.Lamoree@gmail.com,firefighter,493
593,Sashenka,O'Carroll,Sashenka.O'Carroll@yopmail.com,Sashenka.O'Carroll@gmail.com,doctor,494
594,Deloria,Kaja,Deloria.Kaja@yopmail.com,Deloria.Kaja@gmail.com,developer,495
595,Leona,Lipson,Leona.Lipson@yopmail.com,Leona.Lipson@gmail.com,police officer,496
596,Mamie,Yuille,Mamie.Yuille@yopmail.com,Mamie.Yuille@gmail.com,firefighter,497
597,Jolyn,Sibyls,Jolyn.Sibyls@yopmail.com,Jolyn.Sibyls@gmail.com,developer,498
598,Edee,Winnick,Edee.Winnick@yopmail.com,Edee.Winnick@gmail.com,doctor,499
599,Tobe,Ioab,Tobe.Ioab@yopmail.com,Tobe.Ioab@gmail.com,worker,500
600,Jillayne,Sophronia,Jillayne.Sophronia@yopmail.com,Jillayne.Sophronia@gmail.com,police officer,501
601,Korrie,Alva,Korrie.Alva@yopmail.com,Korrie.Alva@gmail.com,doctor,502
602,Sabina,Mathilde,Sabina.Mathilde@yopmail.com,Sabina.Mathilde@gmail.com,worker,503
603,Ninnetta,Harl,Ninnetta.Harl@yopmail.com,Ninnetta.Harl@gmail.com,developer,504
604,Mahalia,Papageno,Mahalia.Papageno@yopmail.com,Mahalia.Papageno@gmail.com,worker,505
605,Sonni,Joachim,Sonni.Joachim@yopmail.com,Sonni.Joachim@gmail.com,worker,506
606,Dacia,Koehler,Dacia.Koehler@yopmail.com,Dacia.Koehler@gmail.com,police officer,507
607,Joeann,Allare,Joeann.Allare@yopmail.com,Joeann.Allare@gmail.com,doctor,508
608,Ellette,Federica,Ellette.Federica@yopmail.com,Ellette.Federica@gmail.com,worker,509
609,Ebonee,Alcott,Ebonee.Alcott@yopmail.com,Ebonee.Alcott@gmail.com,firefighter,510
610,Grier,Garlinda,Grier.Garlinda@yopmail.com,Grier.Garlinda@gmail.com,doctor,511
611,Alexine,Lemuela,Alexine.Lemuela@yopmail.com,Alexine.Lemuela@gmail.com,doctor,512
612,Melisent,Tamar,Melisent.Tamar@yopmail.com,Melisent.Tamar@gmail.com,doctor,513
613,Florencia,Elvyn,Florencia.Elvyn@yopmail.com,Florencia.Elvyn@gmail.com,worker,514
614,Emmey,Harned,Emmey.Harned@yopmail.com,Emmey.Harned@gmail.com,worker,515
615,Paulita,Felecia,Paulita.Felecia@yopmail.com,Paulita.Felecia@gmail.com,firefighter,516
616,Aili,Baptlsta,Aili.Baptlsta@yopmail.com,Aili.Baptlsta@gmail.com,doctor,517
617,Heida,Baptlsta,Heida.Baptlsta@yopmail.com,Heida.Baptlsta@gmail.com,firefighter,518
618,Lelah,Eugenia,Lelah.Eugenia@yopmail.com,Lelah.Eugenia@gmail.com,doctor,519
619,Janeczka,Odell,Janeczka.Odell@yopmail.com,Janeczka.Odell@gmail.com,worker,520
620,Tatiania,Maryanne,Tatiania.Maryanne@yopmail.com,Tatiania.Maryanne@gmail.com,developer,521
621,Britte,Chauncey,Britte.Chauncey@yopmail.com,Britte.Chauncey@gmail.com,worker,522
622,Goldie,Daveta,Goldie.Daveta@yopmail.com,Goldie.Daveta@gmail.com,worker,523
623,Gisela,Linehan,Gisela.Linehan@yopmail.com,Gisela.Linehan@gmail.com,worker,524
624,Delilah,McAdams,Delilah.McAdams@yopmail.com,Delilah.McAdams@gmail.com,doctor,525
625,Nonnah,Liva,Nonnah.Liva@yopmail.com,Nonnah.Liva@gmail.com,firefighter,526
626,Deedee,Dimitris,Deedee.Dimitris@yopmail.com,Deedee.Dimitris@gmail.com,firefighter,527
627,Odessa,Ventre,Odessa.Ventre@yopmail.com,Odessa.Ventre@gmail.com,police officer,528
628,Britte,Eno,Britte.Eno@yopmail.com,Britte.Eno@gmail.com,police officer,529
629,Kore,Kiyoshi,Kore.Kiyoshi@yopmail.com,Kore.Kiyoshi@gmail.com,doctor,530
630,Maurene,Loeb,Maurene.Loeb@yopmail.com,Maurene.Loeb@gmail.com,doctor,531
631,Eve,Tjon,Eve.Tjon@yopmail.com,Eve.Tjon@gmail.com,developer,532
632,Renie,Urania,Renie.Urania@yopmail.com,Renie.Urania@gmail.com,developer,533
633,Kary,Wattenberg,Kary.Wattenberg@yopmail.com,Kary.Wattenberg@gmail.com,police officer,534
634,Antonietta,Sadowski,Antonietta.Sadowski@yopmail.com,Antonietta.Sadowski@gmail.com,developer,535
635,Amara,Gualtiero,Amara.Gualtiero@yopmail.com,Amara.Gualtiero@gmail.com,doctor,536
636,Gusella,Harned,Gusella.Harned@yopmail.com,Gusella.Harned@gmail.com,firefighter,537
637,Steffane,Beniamino,Steffane.Beniamino@yopmail.com,Steffane.Beniamino@gmail.com,developer,538
638,Malina,Pauly,Malina.Pauly@yopmail.com,Malina.Pauly@gmail.com,doctor,539
639,Kalina,Pascia,Kalina.Pascia@yopmail.com,Kalina.Pascia@gmail.com,developer,540
640,Sallie,Sancho,Sallie.Sancho@yopmail.com,Sallie.Sancho@gmail.com,developer,541
641,Molli,Liebermann,Molli.Liebermann@yopmail.com,Molli.Liebermann@gmail.com,worker,542
642,Blinni,Hewitt,Blinni.Hewitt@yopmail.com,Blinni.Hewitt@gmail.com,police officer,543
643,Therine,Borrell,Therine.Borrell@yopmail.com,Therine.Borrell@gmail.com,firefighter,544
644,Heida,Cassius,Heida.Cassius@yopmail.com,Heida.Cassius@gmail.com,firefighter,545
645,Tersina,Bakerman,Tersina.Bakerman@yopmail.com,Tersina.Bakerman@gmail.com,doctor,546
646,Edith,Seessel,Edith.Seessel@yopmail.com,Edith.Seessel@gmail.com,developer,547
647,Kial,Ochs,Kial.Ochs@yopmail.com,Kial.Ochs@gmail.com,worker,548
648,Ariela,Stover,Ariela.Stover@yopmail.com,Ariela.Stover@gmail.com,worker,549
649,Raquela,Flita,Raquela.Flita@yopmail.com,Raquela.Flita@gmail.com,worker,550
650,Josephine,Noam,Josephine.Noam@yopmail.com,Josephine.Noam@gmail.com,doctor,551
651,Gabriellia,Wiener,Gabriellia.Wiener@yopmail.com,Gabriellia.Wiener@gmail.com,developer,552
652,Romona,Primalia,Romona.Primalia@yopmail.com,Romona.Primalia@gmail.com,firefighter,553
653,Gui,Bronk,Gui.Bronk@yopmail.com,Gui.Bronk@gmail.com,firefighter,554
654,Glenda,Wallis,Glenda.Wallis@yopmail.com,Glenda.Wallis@gmail.com,doctor,555
655,Frank,Corabella,Frank.Corabella@yopmail.com,Frank.Corabella@gmail.com,firefighter,556
656,Yvonne,Grimbly,Yvonne.Grimbly@yopmail.com,Yvonne.Grimbly@gmail.com,developer,557
657,Carmela,Bahr,Carmela.Bahr@yopmail.com,Carmela.Bahr@gmail.com,firefighter,558
658,Jenda,Jehu,Jenda.Jehu@yopmail.com,Jenda.Jehu@gmail.com,worker,559
659,Flo,Hollingsworth,Flo.Hollingsworth@yopmail.com,Flo.Hollingsworth@gmail.com,police officer,560
660,Berget,Silvan,Berget.Silvan@yopmail.com,Berget.Silvan@gmail.com,developer,561
661,Kittie,Moseley,Kittie.Moseley@yopmail.com,Kittie.Moseley@gmail.com,developer,562
662,Marita,Bearnard,Marita.Bearnard@yopmail.com,Marita.Bearnard@gmail.com,firefighter,563
663,Zondra,Anyah,Zondra.Anyah@yopmail.com,Zondra.Anyah@gmail.com,firefighter,564
664,Perry,Stover,Perry.Stover@yopmail.com,Perry.Stover@gmail.com,doctor,565
665,Annabela,Mike,Annabela.Mike@yopmail.com,Annabela.Mike@gmail.com,doctor,566
666,Kenna,Shuler,Kenna.Shuler@yopmail.com,Kenna.Shuler@gmail.com,doctor,567
667,Sherrie,Madaih,Sherrie.Madaih@yopmail.com,Sherrie.Madaih@gmail.com,police officer,568
668,Nadine,Rhu,Nadine.Rhu@yopmail.com,Nadine.Rhu@gmail.com,developer,569
669,Jorry,Gamaliel,Jorry.Gamaliel@yopmail.com,Jorry.Gamaliel@gmail.com,police officer,570
670,Marylou,Estella,Marylou.Estella@yopmail.com,Marylou.Estella@gmail.com,developer,571
671,Monika,Thar,Monika.Thar@yopmail.com,Monika.Thar@gmail.com,doctor,572
672,Roz,Lail,Roz.Lail@yopmail.com,Roz.Lail@gmail.com,worker,573
673,Karlee,Whittaker,Karlee.Whittaker@yopmail.com,Karlee.Whittaker@gmail.com,firefighter,574
674,Letizia,Tamar,Letizia.Tamar@yopmail.com,Letizia.Tamar@gmail.com,developer,575
675,Rani,Virgin,Rani.Virgin@yopmail.com,Rani.Virgin@gmail.com,police officer,576
676,Kate,Iiette,Kate.Iiette@yopmail.com,Kate.Iiette@gmail.com,doctor,577
677,Molli,Nunci,Molli.Nunci@yopmail.com,Molli.Nunci@gmail.com,worker,578
678,Dominga,Corrine,Dominga.Corrine@yopmail.com,Dominga.Corrine@gmail.com,developer,579
679,Kelly,Philipp,Kelly.Philipp@yopmail.com,Kelly.Philipp@gmail.com,developer,580
680,Wilma,Argus,Wilma.Argus@yopmail.com,Wilma.Argus@gmail.com,worker,581
681,Gerianna,Ricarda,Gerianna.Ricarda@yopmail.com,Gerianna.Ricarda@gmail.com,doctor,582
682,Georgetta,Rolf,Georgetta.Rolf@yopmail.com,Georgetta.Rolf@gmail.com,firefighter,583
683,Tarra,Flita,Tarra.Flita@yopmail.com,Tarra.Flita@gmail.com,doctor,584
684,Jany,Cath,Jany.Cath@yopmail.com,Jany.Cath@gmail.com,firefighter,585
685,Courtnay,Ajay,Courtnay.Ajay@yopmail.com,Courtnay.Ajay@gmail.com,developer,586
686,Eve,Poll,Eve.Poll@yopmail.com,Eve.Poll@gmail.com,doctor,587
687,Janey,Radu,Janey.Radu@yopmail.com,Janey.Radu@gmail.com,developer,588
688,Fawne,Liva,Fawne.Liva@yopmail.com,Fawne.Liva@gmail.com,developer,589
689,Eadie,Durante,Eadie.Durante@yopmail.com,Eadie.Durante@gmail.com,worker,590
690,Fawne,Kussell,Fawne.Kussell@yopmail.com,Fawne.Kussell@gmail.com,police officer,591
691,Zia,Winnick,Zia.Winnick@yopmail.com,Zia.Winnick@gmail.com,police officer,592
692,Karina,Liva,Karina.Liva@yopmail.com,Karina.Liva@gmail.com,worker,593
693,Christy,Strephon,Christy.Strephon@yopmail.com,Christy.Strephon@gmail.com,police officer,594
694,Devina,Bobbee,Devina.Bobbee@yopmail.com,Devina.Bobbee@gmail.com,police officer,595
695,Ermengarde,Capello,Ermengarde.Capello@yopmail.com,Ermengarde.Capello@gmail.com,police officer,596
696,Dorothy,Fosque,Dorothy.Fosque@yopmail.com,Dorothy.Fosque@gmail.com,police officer,597
697,Sophia,Cyrie,Sophia.Cyrie@yopmail.com,Sophia.Cyrie@gmail.com,doctor,598
698,Oona,Vastah,Oona.Vastah@yopmail.com,Oona.Vastah@gmail.com,worker,599
699,Maisey,Leary,Maisey.Leary@yopmail.com,Maisey.Leary@gmail.com,police officer,600
700,Helsa,Lubin,Helsa.Lubin@yopmail.com,Helsa.Lubin@gmail.com,police officer,601
701,Kial,McGrody,Kial.McGrody@yopmail.com,Kial.McGrody@gmail.com,doctor,602
702,Delilah,Santoro,Delilah.Santoro@yopmail.com,Delilah.Santoro@gmail.com,firefighter,603
703,Leia,Schroth,Leia.Schroth@yopmail.com,Leia.Schroth@gmail.com,police officer,604
704,Dorene,Desai,Dorene.Desai@yopmail.com,Dorene.Desai@gmail.com,firefighter,605
705,Renae,Fancie,Renae.Fancie@yopmail.com,Renae.Fancie@gmail.com,developer,606
706,Ketti,Letsou,Ketti.Letsou@yopmail.com,Ketti.Letsou@gmail.com,developer,607
707,Di,Carvey,Di.Carvey@yopmail.com,Di.Carvey@gmail.com,police officer,608
708,Steffane,Cookie,Steffane.Cookie@yopmail.com,Steffane.Cookie@gmail.com,firefighter,609
709,Fina,Anselmi,Fina.Anselmi@yopmail.com,Fina.Anselmi@gmail.com,police officer,610
710,Leona,Hermes,Leona.Hermes@yopmail.com,Leona.Hermes@gmail.com,firefighter,611
711,Fawne,Isidore,Fawne.Isidore@yopmail.com,Fawne.Isidore@gmail.com,developer,612
712,Marsiella,Jagir,Marsiella.Jagir@yopmail.com,Marsiella.Jagir@gmail.com,police officer,613
713,Oona,Toni,Oona.Toni@yopmail.com,Oona.Toni@gmail.com,doctor,614
714,Gabi,Millda,Gabi.Millda@yopmail.com,Gabi.Millda@gmail.com,firefighter,615
715,Daphne,Nahum,Daphne.Nahum@yopmail.com,Daphne.Nahum@gmail.com,police officer,616
716,Shell,Ezar,Shell.Ezar@yopmail.com,Shell.Ezar@gmail.com,firefighter,617
717,Joceline,Riva,Joceline.Riva@yopmail.com,Joceline.Riva@gmail.com,firefighter,618
718,Ardeen,Bord,Ardeen.Bord@yopmail.com,Ardeen.Bord@gmail.com,firefighter,619
719,Genevra,Faso,Genevra.Faso@yopmail.com,Genevra.Faso@gmail.com,developer,620
720,Heddie,Vittoria,Heddie.Vittoria@yopmail.com,Heddie.Vittoria@gmail.com,police officer,621
721,Belinda,Cassius,Belinda.Cassius@yopmail.com,Belinda.Cassius@gmail.com,doctor,622
722,Olwen,Jagir,Olwen.Jagir@yopmail.com,Olwen.Jagir@gmail.com,police officer,623
723,Nonnah,Rosette,Nonnah.Rosette@yopmail.com,Nonnah.Rosette@gmail.com,worker,624
724,Cherrita,Kellby,Cherrita.Kellby@yopmail.com,Cherrita.Kellby@gmail.com,firefighter,625
725,Blinni,Rustice,Blinni.Rustice@yopmail.com,Blinni.Rustice@gmail.com,doctor,626
726,Kaja,Diann,Kaja.Diann@yopmail.com,Kaja.Diann@gmail.com,doctor,627
727,Feliza,Mendez,Feliza.Mendez@yopmail.com,Feliza.Mendez@gmail.com,doctor,628
728,Arlena,Fiester,Arlena.Fiester@yopmail.com,Arlena.Fiester@gmail.com,developer,629
729,Kary,Arathorn,Kary.Arathorn@yopmail.com,Kary.Arathorn@gmail.com,developer,630
730,Hannis,Philoo,Hannis.Philoo@yopmail.com,Hannis.Philoo@gmail.com,developer,631
731,Chastity,Serilda,Chastity.Serilda@yopmail.com,Chastity.Serilda@gmail.com,developer,632
732,Berta,Vanni,Berta.Vanni@yopmail.com,Berta.Vanni@gmail.com,firefighter,633
733,Ermengarde,Payson,Ermengarde.Payson@yopmail.com,Ermengarde.Payson@gmail.com,police officer,634
734,Dawn,Brotherson,Dawn.Brotherson@yopmail.com,Dawn.Brotherson@gmail.com,police officer,635
735,Nollie,Thar,Nollie.Thar@yopmail.com,Nollie.Thar@gmail.com,doctor,636
736,Cherilyn,Knowling,Cherilyn.Knowling@yopmail.com,Cherilyn.Knowling@gmail.com,worker,637
737,Joane,Laurianne,Joane.Laurianne@yopmail.com,Joane.Laurianne@gmail.com,police officer,638
738,Patricia,Pattin,Patricia.Pattin@yopmail.com,Patricia.Pattin@gmail.com,firefighter,639
739,Anica,Dorine,Anica.Dorine@yopmail.com,Anica.Dorine@gmail.com,police officer,640
740,Fanny,Leary,Fanny.Leary@yopmail.com,Fanny.Leary@gmail.com,developer,641
741,Concettina,Kiersten,Concettina.Kiersten@yopmail.com,Concettina.Kiersten@gmail.com,worker,642
742,Mara,Penelopa,Mara.Penelopa@yopmail.com,Mara.Penelopa@gmail.com,police officer,643
743,Tabbatha,Bari,Tabbatha.Bari@yopmail.com,Tabbatha.Bari@gmail.com,police officer,644
744,Marika,Delp,Marika.Delp@yopmail.com,Marika.Delp@gmail.com,worker,645
745,Alyssa,Ursulette,Alyssa.Ursulette@yopmail.com,Alyssa.Ursulette@gmail.com,doctor,646
746,Corry,Dyche,Corry.Dyche@yopmail.com,Corry.Dyche@gmail.com,worker,647
747,Darci,Wolfgram,Darci.Wolfgram@yopmail.com,Darci.Wolfgram@gmail.com,worker,648
748,Brandise,Standing,Brandise.Standing@yopmail.com,Brandise.Standing@gmail.com,worker,649
749,Cherilyn,Kristi,Cherilyn.Kristi@yopmail.com,Cherilyn.Kristi@gmail.com,developer,650
750,Kelly,Aloise,Kelly.Aloise@yopmail.com,Kelly.Aloise@gmail.com,worker,651
751,Audrie,Hunfredo,Audrie.Hunfredo@yopmail.com,Audrie.Hunfredo@gmail.com,developer,652
752,Rani,Tacye,Rani.Tacye@yopmail.com,Rani.Tacye@gmail.com,doctor,653
753,Allis,Afton,Allis.Afton@yopmail.com,Allis.Afton@gmail.com,worker,654
754,Trudie,Aurelio,Trudie.Aurelio@yopmail.com,Trudie.Aurelio@gmail.com,worker,655
755,Sashenka,Belldas,Sashenka.Belldas@yopmail.com,Sashenka.Belldas@gmail.com,firefighter,656
756,Dagmar,Caitlin,Dagmar.Caitlin@yopmail.com,Dagmar.Caitlin@gmail.com,firefighter,657
757,Hayley,Barbey,Hayley.Barbey@yopmail.com,Hayley.Barbey@gmail.com,developer,658
758,Sean,Hedve,Sean.Hedve@yopmail.com,Sean.Hedve@gmail.com,worker,659
759,Tarra,Donoghue,Tarra.Donoghue@yopmail.com,Tarra.Donoghue@gmail.com,firefighter,660
760,Cindelyn,Zitvaa,Cindelyn.Zitvaa@yopmail.com,Cindelyn.Zitvaa@gmail.com,firefighter,661
761,Meghann,Genna,Meghann.Genna@yopmail.com,Meghann.Genna@gmail.com,developer,662
762,Lyssa,Gilbertson,Lyssa.Gilbertson@yopmail.com,Lyssa.Gilbertson@gmail.com,doctor,663
763,Meriel,Emerson,Meriel.Emerson@yopmail.com,Meriel.Emerson@gmail.com,developer,664
764,Alyssa,Jacobah,Alyssa.Jacobah@yopmail.com,Alyssa.Jacobah@gmail.com,police officer,665
765,Cacilie,Philipp,Cacilie.Philipp@yopmail.com,Cacilie.Philipp@gmail.com,developer,666
766,Sophia,Grobe,Sophia.Grobe@yopmail.com,Sophia.Grobe@gmail.com,police officer,667
767,Belva,Evvie,Belva.Evvie@yopmail.com,Belva.Evvie@gmail.com,firefighter,668
768,Allyce,Paine,Allyce.Paine@yopmail.com,Allyce.Paine@gmail.com,firefighter,669
769,Tonia,Bury,Tonia.Bury@yopmail.com,Tonia.Bury@gmail.com,police officer,670
770,Cissiee,Lindemann,Cissiee.Lindemann@yopmail.com,Cissiee.Lindemann@gmail.com,doctor,671
771,Lolita,Sabella,Lolita.Sabella@yopmail.com,Lolita.Sabella@gmail.com,doctor,672
772,Lonnie,O'Neill,Lonnie.O'Neill@yopmail.com,Lonnie.O'Neill@gmail.com,worker,673
773,Kristan,Raseda,Kristan.Raseda@yopmail.com,Kristan.Raseda@gmail.com,worker,674
774,Pearline,Maiah,Pearline.Maiah@yopmail.com,Pearline.Maiah@gmail.com,firefighter,675
775,Kore,Jammal,Kore.Jammal@yopmail.com,Kore.Jammal@gmail.com,firefighter,676
776,Magdalena,Sothena,Magdalena.Sothena@yopmail.com,Magdalena.Sothena@gmail.com,doctor,677
777,Adriana,Iiette,Adriana.Iiette@yopmail.com,Adriana.Iiette@gmail.com,developer,678
778,Sean,Even,Sean.Even@yopmail.com,Sean.Even@gmail.com,police officer,679
779,Daphne,Norrie,Daphne.Norrie@yopmail.com,Daphne.Norrie@gmail.com,police officer,680
780,Agnese,Toffic,Agnese.Toffic@yopmail.com,Agnese.Toffic@gmail.com,police officer,681
781,Ronna,Yuille,Ronna.Yuille@yopmail.com,Ronna.Yuille@gmail.com,developer,682
782,Halette,Kellby,Halette.Kellby@yopmail.com,Halette.Kellby@gmail.com,doctor,683
783,Dorice,Bivins,Dorice.Bivins@yopmail.com,Dorice.Bivins@gmail.com,developer,684
784,Jany,Rubie,Jany.Rubie@yopmail.com,Jany.Rubie@gmail.com,police officer,685
785,Queenie,McLaughlin,Queenie.McLaughlin@yopmail.com,Queenie.McLaughlin@gmail.com,firefighter,686
786,Rubie,Garek,Rubie.Garek@yopmail.com,Rubie.Garek@gmail.com,developer,687
787,Pollyanna,Esmaria,Pollyanna.Esmaria@yopmail.com,Pollyanna.Esmaria@gmail.com,developer,688
788,Frieda,Schonfeld,Frieda.Schonfeld@yopmail.com,Frieda.Schonfeld@gmail.com,developer,689
789,Sharlene,Manolo,Sharlene.Manolo@yopmail.com,Sharlene.Manolo@gmail.com,doctor,690
790,Norine,Grayce,Norine.Grayce@yopmail.com,Norine.Grayce@gmail.com,developer,691
791,Leeanne,Marlie,Leeanne.Marlie@yopmail.com,Leeanne.Marlie@gmail.com,developer,692
792,Orsola,Ellord,Orsola.Ellord@yopmail.com,Orsola.Ellord@gmail.com,police officer,693
793,Brianna,Fairweather,Brianna.Fairweather@yopmail.com,Brianna.Fairweather@gmail.com,developer,694
794,Wileen,Cynar,Wileen.Cynar@yopmail.com,Wileen.Cynar@gmail.com,police officer,695
795,Ivett,Bobbee,Ivett.Bobbee@yopmail.com,Ivett.Bobbee@gmail.com,developer,696
796,Noelle,Stanwood,Noelle.Stanwood@yopmail.com,Noelle.Stanwood@gmail.com,developer,697
797,Ilse,Keelia,Ilse.Keelia@yopmail.com,Ilse.Keelia@gmail.com,police officer,698
798,Dorice,Curren,Dorice.Curren@yopmail.com,Dorice.Curren@gmail.com,developer,699
799,Raquela,Cutlerr,Raquela.Cutlerr@yopmail.com,Raquela.Cutlerr@gmail.com,police officer,700
800,Raf,Genna,Raf.Genna@yopmail.com,Raf.Genna@gmail.com,doctor,701
801,Hayley,Verger,Hayley.Verger@yopmail.com,Hayley.Verger@gmail.com,doctor,702
802,Anthia,Herrera,Anthia.Herrera@yopmail.com,Anthia.Herrera@gmail.com,doctor,703
803,Lanae,Fontana,Lanae.Fontana@yopmail.com,Lanae.Fontana@gmail.com,developer,704
804,Fernande,Sholley,Fernande.Sholley@yopmail.com,Fernande.Sholley@gmail.com,worker,705
805,Leanna,Stover,Leanna.Stover@yopmail.com,Leanna.Stover@gmail.com,worker,706
806,Linet,Fancie,Linet.Fancie@yopmail.com,Linet.Fancie@gmail.com,worker,707
807,Keelia,Faso,Keelia.Faso@yopmail.com,Keelia.Faso@gmail.com,police officer,708
808,Stephanie,Sikorski,Stephanie.Sikorski@yopmail.com,Stephanie.Sikorski@gmail.com,police officer,709
809,Lucy,Pozzy,Lucy.Pozzy@yopmail.com,Lucy.Pozzy@gmail.com,police officer,710
810,Ardeen,Alfons,Ardeen.Alfons@yopmail.com,Ardeen.Alfons@gmail.com,firefighter,711
811,Desirae,Pandolfi,Desirae.Pandolfi@yopmail.com,Desirae.Pandolfi@gmail.com,worker,712
812,Steffane,Ioab,Steffane.Ioab@yopmail.com,Steffane.Ioab@gmail.com,developer,713
813,Mureil,Elisha,Mureil.Elisha@yopmail.com,Mureil.Elisha@gmail.com,worker,714
814,Cyb,Ashok,Cyb.Ashok@yopmail.com,Cyb.Ashok@gmail.com,firefighter,715
815,Pearline,Sabella,Pearline.Sabella@yopmail.com,Pearline.Sabella@gmail.com,developer,716
816,Bobinette,Ummersen,Bobinette.Ummersen@yopmail.com,Bobinette.Ummersen@gmail.com,worker,717
817,Sue,Andrel,Sue.Andrel@yopmail.com,Sue.Andrel@gmail.com,developer,718
818,Lizzie,Moseley,Lizzie.Moseley@yopmail.com,Lizzie.Moseley@gmail.com,doctor,719
819,Tersina,Israeli,Tersina.Israeli@yopmail.com,Tersina.Israeli@gmail.com,doctor,720
820,Mamie,Fillbert,Mamie.Fillbert@yopmail.com,Mamie.Fillbert@gmail.com,police officer,721
821,Roz,Stanwood,Roz.Stanwood@yopmail.com,Roz.Stanwood@gmail.com,doctor,722
822,Deedee,Lynn,Deedee.Lynn@yopmail.com,Deedee.Lynn@gmail.com,police officer,723
823,Alia,Eliathas,Alia.Eliathas@yopmail.com,Alia.Eliathas@gmail.com,police officer,724
824,Aurore,Martguerita,Aurore.Martguerita@yopmail.com,Aurore.Martguerita@gmail.com,developer,725
825,Melina,Pozzy,Melina.Pozzy@yopmail.com,Melina.Pozzy@gmail.com,firefighter,726
826,Candi,Stover,Candi.Stover@yopmail.com,Candi.Stover@gmail.com,doctor,727
827,Paule,Swanhildas,Paule.Swanhildas@yopmail.com,Paule.Swanhildas@gmail.com,doctor,728
828,Marinna,Ricki,Marinna.Ricki@yopmail.com,Marinna.Ricki@gmail.com,worker,729
829,Yetty,Noelyn,Yetty.Noelyn@yopmail.com,Yetty.Noelyn@gmail.com,firefighter,730
830,Annaliese,Jacqui,Annaliese.Jacqui@yopmail.com,Annaliese.Jacqui@gmail.com,developer,731
831,Mariann,Jary,Mariann.Jary@yopmail.com,Mariann.Jary@gmail.com,worker,732
832,Larine,Libna,Larine.Libna@yopmail.com,Larine.Libna@gmail.com,developer,733
833,Elka,Buckler,Elka.Buckler@yopmail.com,Elka.Buckler@gmail.com,police officer,734
834,Siana,Soneson,Siana.Soneson@yopmail.com,Siana.Soneson@gmail.com,police officer,735
835,Orelia,Eben,Orelia.Eben@yopmail.com,Orelia.Eben@gmail.com,worker,736
836,Doro,Kenwood,Doro.Kenwood@yopmail.com,Doro.Kenwood@gmail.com,doctor,737
837,Genovera,Riordan,Genovera.Riordan@yopmail.com,Genovera.Riordan@gmail.com,firefighter,738
838,Ketti,Wilona,Ketti.Wilona@yopmail.com,Ketti.Wilona@gmail.com,developer,739
839,Shel,Dawkins,Shel.Dawkins@yopmail.com,Shel.Dawkins@gmail.com,firefighter,740
840,Angelique,Penelopa,Angelique.Penelopa@yopmail.com,Angelique.Penelopa@gmail.com,developer,741
841,Carmela,Nea,Carmela.Nea@yopmail.com,Carmela.Nea@gmail.com,worker,742
842,Kaia,Miru,Kaia.Miru@yopmail.com,Kaia.Miru@gmail.com,police officer,743
843,Calla,Dawkins,Calla.Dawkins@yopmail.com,Calla.Dawkins@gmail.com,firefighter,744
844,Barbara,Sigfrid,Barbara.Sigfrid@yopmail.com,Barbara.Sigfrid@gmail.com,developer,745
845,Carilyn,Infield,Carilyn.Infield@yopmail.com,Carilyn.Infield@gmail.com,worker,746
846,Trudie,LaRue,Trudie.LaRue@yopmail.com,Trudie.LaRue@gmail.com,police officer,747
847,Gusty,Shaddock,Gusty.Shaddock@yopmail.com,Gusty.Shaddock@gmail.com,police officer,748
848,Hannis,Si,Hannis.Si@yopmail.com,Hannis.Si@gmail.com,firefighter,749
849,Maridel,Jacobah,Maridel.Jacobah@yopmail.com,Maridel.Jacobah@gmail.com,worker,750
850,Augustine,Genna,Augustine.Genna@yopmail.com,Augustine.Genna@gmail.com,firefighter,751
851,Maryellen,Tristram,Maryellen.Tristram@yopmail.com,Maryellen.Tristram@gmail.com,developer,752
852,Imojean,Belldas,Imojean.Belldas@yopmail.com,Imojean.Belldas@gmail.com,doctor,753
853,Chandra,Bouchard,Chandra.Bouchard@yopmail.com,Chandra.Bouchard@gmail.com,police officer,754
854,Ebonee,Whiffen,Ebonee.Whiffen@yopmail.com,Ebonee.Whiffen@gmail.com,developer,755
855,Zondra,Miru,Zondra.Miru@yopmail.com,Zondra.Miru@gmail.com,doctor,756
856,Coral,Evvie,Coral.Evvie@yopmail.com,Coral.Evvie@gmail.com,police officer,757
857,Wynne,Hessler,Wynne.Hessler@yopmail.com,Wynne.Hessler@gmail.com,firefighter,758
858,Cindelyn,Wilkinson,Cindelyn.Wilkinson@yopmail.com,Cindelyn.Wilkinson@gmail.com,firefighter,759
859,Eadie,Garrison,Eadie.Garrison@yopmail.com,Eadie.Garrison@gmail.com,firefighter,760
860,Lilith,Peonir,Lilith.Peonir@yopmail.com,Lilith.Peonir@gmail.com,doctor,761
861,Aimil,Ummersen,Aimil.Ummersen@yopmail.com,Aimil.Ummersen@gmail.com,developer,762
862,Xylina,Gale,Xylina.Gale@yopmail.com,Xylina.Gale@gmail.com,developer,763
863,Lolita,Greenwald,Lolita.Greenwald@yopmail.com,Lolita.Greenwald@gmail.com,firefighter,764
864,Sibella,Carri,Sibella.Carri@yopmail.com,Sibella.Carri@gmail.com,firefighter,765
865,Aigneis,Zachary,Aigneis.Zachary@yopmail.com,Aigneis.Zachary@gmail.com,developer,766
866,Averyl,Alice,Averyl.Alice@yopmail.com,Averyl.Alice@gmail.com,firefighter,767
867,Florie,Hirsch,Florie.Hirsch@yopmail.com,Florie.Hirsch@gmail.com,firefighter,768
868,Jessy,Breed,Jessy.Breed@yopmail.com,Jessy.Breed@gmail.com,police officer,769
869,Corry,Yate,Corry.Yate@yopmail.com,Corry.Yate@gmail.com,firefighter,770
870,Marnia,Beebe,Marnia.Beebe@yopmail.com,Marnia.Beebe@gmail.com,worker,771
871,Gretal,Isacco,Gretal.Isacco@yopmail.com,Gretal.Isacco@gmail.com,developer,772
872,Betta,Bach,Betta.Bach@yopmail.com,Betta.Bach@gmail.com,doctor,773
873,Tatiania,Saree,Tatiania.Saree@yopmail.com,Tatiania.Saree@gmail.com,doctor,774
874,Wendi,Vary,Wendi.Vary@yopmail.com,Wendi.Vary@gmail.com,firefighter,775
875,Addia,Helfand,Addia.Helfand@yopmail.com,Addia.Helfand@gmail.com,developer,776
876,Lisette,Ackerley,Lisette.Ackerley@yopmail.com,Lisette.Ackerley@gmail.com,police officer,777
877,Clementine,Konyn,Clementine.Konyn@yopmail.com,Clementine.Konyn@gmail.com,worker,778
878,Nonnah,Ovid,Nonnah.Ovid@yopmail.com,Nonnah.Ovid@gmail.com,police officer,779
879,Modestia,Noelyn,Modestia.Noelyn@yopmail.com,Modestia.Noelyn@gmail.com,police officer,780
880,Silvana,Lubin,Silvana.Lubin@yopmail.com,Silvana.Lubin@gmail.com,developer,781
881,Aimil,Tarrant,Aimil.Tarrant@yopmail.com,Aimil.Tarrant@gmail.com,police officer,782
882,Cathie,Sibyls,Cathie.Sibyls@yopmail.com,Cathie.Sibyls@gmail.com,worker,783
883,Caryl,Ambrosia,Caryl.Ambrosia@yopmail.com,Caryl.Ambrosia@gmail.com,developer,784
884,Karolina,Hessler,Karolina.Hessler@yopmail.com,Karolina.Hessler@gmail.com,developer,785
885,Kalina,Fennessy,Kalina.Fennessy@yopmail.com,Kalina.Fennessy@gmail.com,doctor,786
886,Willetta,Shields,Willetta.Shields@yopmail.com,Willetta.Shields@gmail.com,worker,787
887,Katuscha,Melleta,Katuscha.Melleta@yopmail.com,Katuscha.Melleta@gmail.com,police officer,788
888,Nicoli,Girardo,Nicoli.Girardo@yopmail.com,Nicoli.Girardo@gmail.com,firefighter,789
889,Carlie,Yusuk,Carlie.Yusuk@yopmail.com,Carlie.Yusuk@gmail.com,developer,790
890,Ulrike,Hortensia,Ulrike.Hortensia@yopmail.com,Ulrike.Hortensia@gmail.com,doctor,791
891,Celestyna,Turne,Celestyna.Turne@yopmail.com,Celestyna.Turne@gmail.com,police officer,792
892,Brynna,Vins,Brynna.Vins@yopmail.com,Brynna.Vins@gmail.com,doctor,793
893,Dari,Bates,Dari.Bates@yopmail.com,Dari.Bates@gmail.com,developer,794
894,Annabela,Hoban,Annabela.Hoban@yopmail.com,Annabela.Hoban@gmail.com,developer,795
895,Shannah,Mayeda,Shannah.Mayeda@yopmail.com,Shannah.Mayeda@gmail.com,police officer,796
896,Krystle,Frendel,Krystle.Frendel@yopmail.com,Krystle.Frendel@gmail.com,doctor,797
897,Dorthy,Ludewig,Dorthy.Ludewig@yopmail.com,Dorthy.Ludewig@gmail.com,doctor,798
898,Noelle,Loleta,Noelle.Loleta@yopmail.com,Noelle.Loleta@gmail.com,police officer,799
899,Gabi,Ade,Gabi.Ade@yopmail.com,Gabi.Ade@gmail.com,worker,800
900,Wynne,Soneson,Wynne.Soneson@yopmail.com,Wynne.Soneson@gmail.com,doctor,801
901,Leia,Cornelia,Leia.Cornelia@yopmail.com,Leia.Cornelia@gmail.com,firefighter,802
902,Di,Old,Di.Old@yopmail.com,Di.Old@gmail.com,firefighter,803
903,Roslyn,Ivens,Roslyn.Ivens@yopmail.com,Roslyn.Ivens@gmail.com,doctor,804
904,Phedra,Cressida,Phedra.Cressida@yopmail.com,Phedra.Cressida@gmail.com,firefighter,805
905,Brietta,Kaja,Brietta.Kaja@yopmail.com,Brietta.Kaja@gmail.com,doctor,806
906,Britte,Afton,Britte.Afton@yopmail.com,Britte.Afton@gmail.com,doctor,807
907,Dawn,Fulmer,Dawn.Fulmer@yopmail.com,Dawn.Fulmer@gmail.com,firefighter,808
908,Cindelyn,Pulsifer,Cindelyn.Pulsifer@yopmail.com,Cindelyn.Pulsifer@gmail.com,developer,809
909,Gusella,Zetta,Gusella.Zetta@yopmail.com,Gusella.Zetta@gmail.com,police officer,810
910,Dode,Vharat,Dode.Vharat@yopmail.com,Dode.Vharat@gmail.com,police officer,811
911,Lanae,Evangelia,Lanae.Evangelia@yopmail.com,Lanae.Evangelia@gmail.com,developer,812
912,Lynnea,Earlie,Lynnea.Earlie@yopmail.com,Lynnea.Earlie@gmail.com,developer,813
913,Claudina,Kravits,Claudina.Kravits@yopmail.com,Claudina.Kravits@gmail.com,worker,814
914,Ronna,Lail,Ronna.Lail@yopmail.com,Ronna.Lail@gmail.com,worker,815
915,Esmeralda,Lay,Esmeralda.Lay@yopmail.com,Esmeralda.Lay@gmail.com,police officer,816
916,Marcelline,Chrystel,Marcelline.Chrystel@yopmail.com,Marcelline.Chrystel@gmail.com,firefighter,817
917,Jinny,Milson,Jinny.Milson@yopmail.com,Jinny.Milson@gmail.com,police officer,818
918,Cindelyn,Jary,Cindelyn.Jary@yopmail.com,Cindelyn.Jary@gmail.com,police officer,819
919,Celisse,Janene,Celisse.Janene@yopmail.com,Celisse.Janene@gmail.com,developer,820
920,Tori,Afton,Tori.Afton@yopmail.com,Tori.Afton@gmail.com,firefighter,821
921,Mallory,Linskey,Mallory.Linskey@yopmail.com,Mallory.Linskey@gmail.com,worker,822
922,Arlina,Evvie,Arlina.Evvie@yopmail.com,Arlina.Evvie@gmail.com,worker,823
923,Bettine,Hermes,Bettine.Hermes@yopmail.com,Bettine.Hermes@gmail.com,developer,824
924,Robbi,Hathaway,Robbi.Hathaway@yopmail.com,Robbi.Hathaway@gmail.com,doctor,825
925,Jillayne,Deegan,Jillayne.Deegan@yopmail.com,Jillayne.Deegan@gmail.com,firefighter,826
926,Lynnea,Zina,Lynnea.Zina@yopmail.com,Lynnea.Zina@gmail.com,doctor,827
927,Jessy,Vivle,Jessy.Vivle@yopmail.com,Jessy.Vivle@gmail.com,doctor,828
928,Marylou,Judye,Marylou.Judye@yopmail.com,Marylou.Judye@gmail.com,firefighter,829
929,Henriette,Kunin,Henriette.Kunin@yopmail.com,Henriette.Kunin@gmail.com,firefighter,830
930,Marti,Daveta,Marti.Daveta@yopmail.com,Marti.Daveta@gmail.com,doctor,831
931,Georgetta,Howlyn,Georgetta.Howlyn@yopmail.com,Georgetta.Howlyn@gmail.com,firefighter,832
932,Vonny,Alarise,Vonny.Alarise@yopmail.com,Vonny.Alarise@gmail.com,firefighter,833
933,Ana,Pascia,Ana.Pascia@yopmail.com,Ana.Pascia@gmail.com,worker,834
934,Calla,Verger,Calla.Verger@yopmail.com,Calla.Verger@gmail.com,doctor,835
935,Talya,Etom,Talya.Etom@yopmail.com,Talya.Etom@gmail.com,worker,836
936,Maryellen,Garbe,Maryellen.Garbe@yopmail.com,Maryellen.Garbe@gmail.com,doctor,837
937,Jolyn,Goldina,Jolyn.Goldina@yopmail.com,Jolyn.Goldina@gmail.com,developer,838
938,Ottilie,Narton,Ottilie.Narton@yopmail.com,Ottilie.Narton@gmail.com,doctor,839
939,Tiffie,Rosalba,Tiffie.Rosalba@yopmail.com,Tiffie.Rosalba@gmail.com,firefighter,840
940,Bill,Nahum,Bill.Nahum@yopmail.com,Bill.Nahum@gmail.com,worker,841
941,Dale,Estella,Dale.Estella@yopmail.com,Dale.Estella@gmail.com,police officer,842
942,Viki,Fry,Viki.Fry@yopmail.com,Viki.Fry@gmail.com,police officer,843
943,Paola,Rona,Paola.Rona@yopmail.com,Paola.Rona@gmail.com,police officer,844
944,Steffane,Konyn,Steffane.Konyn@yopmail.com,Steffane.Konyn@gmail.com,doctor,845
945,Tani,Edee,Tani.Edee@yopmail.com,Tani.Edee@gmail.com,developer,846
946,Codie,Natalia,Codie.Natalia@yopmail.com,Codie.Natalia@gmail.com,doctor,847
947,Rivalee,Klotz,Rivalee.Klotz@yopmail.com,Rivalee.Klotz@gmail.com,doctor,848
948,Courtnay,Earlie,Courtnay.Earlie@yopmail.com,Courtnay.Earlie@gmail.com,worker,849
949,Cecile,Emmy,Cecile.Emmy@yopmail.com,Cecile.Emmy@gmail.com,police officer,850
950,Jacquetta,Uird,Jacquetta.Uird@yopmail.com,Jacquetta.Uird@gmail.com,police officer,851
951,Joleen,Deegan,Joleen.Deegan@yopmail.com,Joleen.Deegan@gmail.com,doctor,852
952,Sam,Orelee,Sam.Orelee@yopmail.com,Sam.Orelee@gmail.com,worker,853
953,Patricia,Gusella,Patricia.Gusella@yopmail.com,Patricia.Gusella@gmail.com,firefighter,854
954,Meriel,Lumbard,Meriel.Lumbard@yopmail.com,Meriel.Lumbard@gmail.com,police officer,855
955,Glynnis,Bahr,Glynnis.Bahr@yopmail.com,Glynnis.Bahr@gmail.com,firefighter,856
956,Charlena,Lorain,Charlena.Lorain@yopmail.com,Charlena.Lorain@gmail.com,doctor,857
957,Merle,Dituri,Merle.Dituri@yopmail.com,Merle.Dituri@gmail.com,police officer,858
958,Tomasina,Caitlin,Tomasina.Caitlin@yopmail.com,Tomasina.Caitlin@gmail.com,doctor,859
959,Hallie,Caitlin,Hallie.Caitlin@yopmail.com,Hallie.Caitlin@gmail.com,firefighter,860
960,Leona,MacIntosh,Leona.MacIntosh@yopmail.com,Leona.MacIntosh@gmail.com,police officer,861
961,Averyl,Moina,Averyl.Moina@yopmail.com,Averyl.Moina@gmail.com,police officer,862
962,Charissa,Phaidra,Charissa.Phaidra@yopmail.com,Charissa.Phaidra@gmail.com,firefighter,863
963,Valeda,Heisel,Valeda.Heisel@yopmail.com,Valeda.Heisel@gmail.com,firefighter,864
964,Lorenza,Nahum,Lorenza.Nahum@yopmail.com,Lorenza.Nahum@gmail.com,doctor,865
965,Dorthy,Zamora,Dorthy.Zamora@yopmail.com,Dorthy.Zamora@gmail.com,firefighter,866
966,Tatiania,Larochelle,Tatiania.Larochelle@yopmail.com,Tatiania.Larochelle@gmail.com,worker,867
967,Sarette,Shirberg,Sarette.Shirberg@yopmail.com,Sarette.Shirberg@gmail.com,developer,868
968,Catrina,Zuzana,Catrina.Zuzana@yopmail.com,Catrina.Zuzana@gmail.com,police officer,869
969,Neila,Koehler,Neila.Koehler@yopmail.com,Neila.Koehler@gmail.com,firefighter,870
970,Danika,Wandie,Danika.Wandie@yopmail.com,Danika.Wandie@gmail.com,worker,871
971,Lelah,Charity,Lelah.Charity@yopmail.com,Lelah.Charity@gmail.com,developer,872
972,Babita,Anselmi,Babita.Anselmi@yopmail.com,Babita.Anselmi@gmail.com,police officer,873
973,Lily,Ilka,Lily.Ilka@yopmail.com,Lily.Ilka@gmail.com,police officer,874
974,Estell,Ovid,Estell.Ovid@yopmail.com,Estell.Ovid@gmail.com,firefighter,875
975,Dione,Valoniah,Dione.Valoniah@yopmail.com,Dione.Valoniah@gmail.com,doctor,876
976,Marnia,Janith,Marnia.Janith@yopmail.com,Marnia.Janith@gmail.com,firefighter,877
977,Vanessa,Allare,Vanessa.Allare@yopmail.com,Vanessa.Allare@gmail.com,developer,878
978,Belinda,Yorick,Belinda.Yorick@yopmail.com,Belinda.Yorick@gmail.com,developer,879
979,Marylou,Thad,Marylou.Thad@yopmail.com,Marylou.Thad@gmail.com,firefighter,880
980,Berget,Sisile,Berget.Sisile@yopmail.com,Berget.Sisile@gmail.com,police officer,881
981,Shaine,Constancy,Shaine.Constancy@yopmail.com,Shaine.Constancy@gmail.com,worker,882
982,Blondelle,Bebe,Blondelle.Bebe@yopmail.com,Blondelle.Bebe@gmail.com,developer,883
983,Allis,Wadell,Allis.Wadell@yopmail.com,Allis.Wadell@gmail.com,police officer,884
984,Jeanna,LaRue,Jeanna.LaRue@yopmail.com,Jeanna.LaRue@gmail.com,worker,885
985,Thalia,Gert,Thalia.Gert@yopmail.com,Thalia.Gert@gmail.com,police officer,886
986,Ursulina,Bebe,Ursulina.Bebe@yopmail.com,Ursulina.Bebe@gmail.com,firefighter,887
987,Perry,Frendel,Perry.Frendel@yopmail.com,Perry.Frendel@gmail.com,worker,888
988,Cindelyn,Andrel,Cindelyn.Andrel@yopmail.com,Cindelyn.Andrel@gmail.com,worker,889
989,Barbi,Hubert,Barbi.Hubert@yopmail.com,Barbi.Hubert@gmail.com,firefighter,890
990,Fidelia,Paine,Fidelia.Paine@yopmail.com,Fidelia.Paine@gmail.com,firefighter,891
991,Agnese,Alfons,Agnese.Alfons@yopmail.com,Agnese.Alfons@gmail.com,firefighter,892
992,Katuscha,Standing,Katuscha.Standing@yopmail.com,Katuscha.Standing@gmail.com,developer,893
993,Beverley,Erskine,Beverley.Erskine@yopmail.com,Beverley.Erskine@gmail.com,police officer,894
994,Rozele,Codding,Rozele.Codding@yopmail.com,Rozele.Codding@gmail.com,firefighter,895
995,Olwen,Sherrie,Olwen.Sherrie@yopmail.com,Olwen.Sherrie@gmail.com,worker,896
996,Tilly,Stelle,Tilly.Stelle@yopmail.com,Tilly.Stelle@gmail.com,developer,897
997,Nariko,Craggie,Nariko.Craggie@yopmail.com,Nariko.Craggie@gmail.com,worker,898
998,Ariela,Lalitta,Ariela.Lalitta@yopmail.com,Ariela.Lalitta@gmail.com,firefighter,899
999,Hope,Goddard,Hope.Goddard@yopmail.com,Hope.Goddard@gmail.com,firefighter,900
1000,Phylis,Schlosser,Phylis.Schlosser@yopmail.com,Phylis.Schlosser@gmail.com,worker,901
1001,Sharai,Stilwell,Sharai.Stilwell@yopmail.com,Sharai.Stilwell@gmail.com,firefighter,902
1002,Robinia,Klotz,Robinia.Klotz@yopmail.com,Robinia.Klotz@gmail.com,developer,903
1003,Katleen,Taam,Katleen.Taam@yopmail.com,Katleen.Taam@gmail.com,developer,904
1004,Asia,Elephus,Asia.Elephus@yopmail.com,Asia.Elephus@gmail.com,firefighter,905
1005,Florencia,Gower,Florencia.Gower@yopmail.com,Florencia.Gower@gmail.com,doctor,906
1006,Amelia,Eldrid,Amelia.Eldrid@yopmail.com,Amelia.Eldrid@gmail.com,developer,907
1007,Rebeca,Celestine,Rebeca.Celestine@yopmail.com,Rebeca.Celestine@gmail.com,doctor,908
1008,Beverley,Arquit,Beverley.Arquit@yopmail.com,Beverley.Arquit@gmail.com,firefighter,909
1009,Queenie,Nelsen,Queenie.Nelsen@yopmail.com,Queenie.Nelsen@gmail.com,police officer,910
1010,Perry,Hamil,Perry.Hamil@yopmail.com,Perry.Hamil@gmail.com,police officer,911
1011,Melodie,Dorine,Melodie.Dorine@yopmail.com,Melodie.Dorine@gmail.com,police officer,912
1012,Goldie,Etom,Goldie.Etom@yopmail.com,Goldie.Etom@gmail.com,developer,913
1013,Vinita,Seagraves,Vinita.Seagraves@yopmail.com,Vinita.Seagraves@gmail.com,police officer,914
1014,Clo,Tamar,Clo.Tamar@yopmail.com,Clo.Tamar@gmail.com,doctor,915
1015,Anica,Catie,Anica.Catie@yopmail.com,Anica.Catie@gmail.com,police officer,916
1016,Theodora,Arne,Theodora.Arne@yopmail.com,Theodora.Arne@gmail.com,worker,917
1017,Maye,Friede,Maye.Friede@yopmail.com,Maye.Friede@gmail.com,developer,918
1018,Adelle,Adlare,Adelle.Adlare@yopmail.com,Adelle.Adlare@gmail.com,developer,919
1019,Cristine,Earlie,Cristine.Earlie@yopmail.com,Cristine.Earlie@gmail.com,police officer,920
1020,Alex,Arley,Alex.Arley@yopmail.com,Alex.Arley@gmail.com,worker,921
1021,Alyssa,Remmer,Alyssa.Remmer@yopmail.com,Alyssa.Remmer@gmail.com,police officer,922
1022,Lulita,Hachmin,Lulita.Hachmin@yopmail.com,Lulita.Hachmin@gmail.com,developer,923
1023,Leontine,Mathilde,Leontine.Mathilde@yopmail.com,Leontine.Mathilde@gmail.com,firefighter,924
1024,Briney,Guildroy,Briney.Guildroy@yopmail.com,Briney.Guildroy@gmail.com,developer,925
1025,Viki,Marsden,Viki.Marsden@yopmail.com,Viki.Marsden@gmail.com,firefighter,926
1026,Priscilla,Vastah,Priscilla.Vastah@yopmail.com,Priscilla.Vastah@gmail.com,worker,927
1027,Elvira,Lory,Elvira.Lory@yopmail.com,Elvira.Lory@gmail.com,police officer,928
1028,Courtnay,Haymes,Courtnay.Haymes@yopmail.com,Courtnay.Haymes@gmail.com,police officer,929
1029,Kary,Ricki,Kary.Ricki@yopmail.com,Kary.Ricki@gmail.com,developer,930
1030,Jerry,Lacombe,Jerry.Lacombe@yopmail.com,Jerry.Lacombe@gmail.com,police officer,931
1031,Tilly,Eckblad,Tilly.Eckblad@yopmail.com,Tilly.Eckblad@gmail.com,police officer,932
1032,Lynea,Freddi,Lynea.Freddi@yopmail.com,Lynea.Freddi@gmail.com,doctor,933
1033,Corly,Malanie,Corly.Malanie@yopmail.com,Corly.Malanie@gmail.com,police officer,934
1034,Caritta,Leifeste,Caritta.Leifeste@yopmail.com,Caritta.Leifeste@gmail.com,doctor,935
1035,Rhoda,Remmer,Rhoda.Remmer@yopmail.com,Rhoda.Remmer@gmail.com,developer,936
1036,Sindee,Durante,Sindee.Durante@yopmail.com,Sindee.Durante@gmail.com,worker,937
1037,Caressa,Nunci,Caressa.Nunci@yopmail.com,Caressa.Nunci@gmail.com,worker,938
1038,Zaria,Malanie,Zaria.Malanie@yopmail.com,Zaria.Malanie@gmail.com,doctor,939
1039,Charmaine,Kronfeld,Charmaine.Kronfeld@yopmail.com,Charmaine.Kronfeld@gmail.com,developer,940
1040,Shaylyn,Durware,Shaylyn.Durware@yopmail.com,Shaylyn.Durware@gmail.com,developer,941
1041,Claresta,Birdella,Claresta.Birdella@yopmail.com,Claresta.Birdella@gmail.com,worker,942
1042,Marti,Dituri,Marti.Dituri@yopmail.com,Marti.Dituri@gmail.com,firefighter,943
1043,Valera,Friede,Valera.Friede@yopmail.com,Valera.Friede@gmail.com,firefighter,944
1044,Nessie,Bakerman,Nessie.Bakerman@yopmail.com,Nessie.Bakerman@gmail.com,doctor,945
1045,Joy,Syd,Joy.Syd@yopmail.com,Joy.Syd@gmail.com,doctor,946
1046,Adriana,Haldas,Adriana.Haldas@yopmail.com,Adriana.Haldas@gmail.com,developer,947
1047,Karlee,Allina,Karlee.Allina@yopmail.com,Karlee.Allina@gmail.com,worker,948
1048,Jemie,Hutchison,Jemie.Hutchison@yopmail.com,Jemie.Hutchison@gmail.com,developer,949
1049,Nariko,Carey,Nariko.Carey@yopmail.com,Nariko.Carey@gmail.com,doctor,950
1050,Jasmina,Shanley,Jasmina.Shanley@yopmail.com,Jasmina.Shanley@gmail.com,police officer,951
1051,Mamie,Zaslow,Mamie.Zaslow@yopmail.com,Mamie.Zaslow@gmail.com,developer,952
1052,Bobinette,Standing,Bobinette.Standing@yopmail.com,Bobinette.Standing@gmail.com,doctor,953
1053,Annice,Suanne,Annice.Suanne@yopmail.com,Annice.Suanne@gmail.com,firefighter,954
1054,Orsola,Milson,Orsola.Milson@yopmail.com,Orsola.Milson@gmail.com,firefighter,955
1055,Cherrita,Kolnick,Cherrita.Kolnick@yopmail.com,Cherrita.Kolnick@gmail.com,worker,956
1056,Candy,Stelle,Candy.Stelle@yopmail.com,Candy.Stelle@gmail.com,developer,957
1057,Asia,McLaughlin,Asia.McLaughlin@yopmail.com,Asia.McLaughlin@gmail.com,worker,958
1058,Tersina,Tremayne,Tersina.Tremayne@yopmail.com,Tersina.Tremayne@gmail.com,worker,959
1059,Celene,Auberbach,Celene.Auberbach@yopmail.com,Celene.Auberbach@gmail.com,developer,960
1060,Aimil,Wenda,Aimil.Wenda@yopmail.com,Aimil.Wenda@gmail.com,police officer,961
1061,Ida,Glenden,Ida.Glenden@yopmail.com,Ida.Glenden@gmail.com,doctor,962
1062,Kirstin,Wolfgram,Kirstin.Wolfgram@yopmail.com,Kirstin.Wolfgram@gmail.com,police officer,963
1063,Fanchon,Margarete,Fanchon.Margarete@yopmail.com,Fanchon.Margarete@gmail.com,developer,964
1064,Sherrie,Othilia,Sherrie.Othilia@yopmail.com,Sherrie.Othilia@gmail.com,firefighter,965
1065,Halette,Iiette,Halette.Iiette@yopmail.com,Halette.Iiette@gmail.com,firefighter,966
1066,Sam,Garlinda,Sam.Garlinda@yopmail.com,Sam.Garlinda@gmail.com,firefighter,967
1067,Cecile,Tybald,Cecile.Tybald@yopmail.com,Cecile.Tybald@gmail.com,police officer,968
1068,Flory,Rocray,Flory.Rocray@yopmail.com,Flory.Rocray@gmail.com,worker,969
1069,Mellicent,Nisbet,Mellicent.Nisbet@yopmail.com,Mellicent.Nisbet@gmail.com,firefighter,970
1070,Bee,Destinee,Bee.Destinee@yopmail.com,Bee.Destinee@gmail.com,worker,971
1071,Lacie,Westphal,Lacie.Westphal@yopmail.com,Lacie.Westphal@gmail.com,developer,972
1072,Anestassia,Viddah,Anestassia.Viddah@yopmail.com,Anestassia.Viddah@gmail.com,police officer,973
1073,Magdalena,Ortrude,Magdalena.Ortrude@yopmail.com,Magdalena.Ortrude@gmail.com,police officer,974
1074,Rani,Diann,Rani.Diann@yopmail.com,Rani.Diann@gmail.com,firefighter,975
1075,Demetris,Carey,Demetris.Carey@yopmail.com,Demetris.Carey@gmail.com,worker,976
1076,Camile,Malanie,Camile.Malanie@yopmail.com,Camile.Malanie@gmail.com,doctor,977
1077,Gilligan,Felizio,Gilligan.Felizio@yopmail.com,Gilligan.Felizio@gmail.com,firefighter,978
1078,Lynde,Jefferey,Lynde.Jefferey@yopmail.com,Lynde.Jefferey@gmail.com,worker,979
1079,Genovera,Salchunas,Genovera.Salchunas@yopmail.com,Genovera.Salchunas@gmail.com,developer,980
1080,Starla,Whittaker,Starla.Whittaker@yopmail.com,Starla.Whittaker@gmail.com,doctor,981
1081,Jobi,Halla,Jobi.Halla@yopmail.com,Jobi.Halla@gmail.com,doctor,982
1082,Selia,Wolfgram,Selia.Wolfgram@yopmail.com,Selia.Wolfgram@gmail.com,firefighter,983
1083,Ernesta,Therine,Ernesta.Therine@yopmail.com,Ernesta.Therine@gmail.com,worker,984
1084,Agnese,Krystle,Agnese.Krystle@yopmail.com,Agnese.Krystle@gmail.com,worker,985
1085,Blake,Thad,Blake.Thad@yopmail.com,Blake.Thad@gmail.com,worker,986
1086,Rubie,Turne,Rubie.Turne@yopmail.com,Rubie.Turne@gmail.com,firefighter,987
1087,Moyna,Hull,Moyna.Hull@yopmail.com,Moyna.Hull@gmail.com,firefighter,988
1088,Clo,Shuler,Clo.Shuler@yopmail.com,Clo.Shuler@gmail.com,worker,989
1089,Merrie,Rona,Merrie.Rona@yopmail.com,Merrie.Rona@gmail.com,developer,990
1090,Evita,Terrence,Evita.Terrence@yopmail.com,Evita.Terrence@gmail.com,firefighter,991
1091,Chere,Toor,Chere.Toor@yopmail.com,Chere.Toor@gmail.com,developer,992
1092,Corina,Garbe,Corina.Garbe@yopmail.com,Corina.Garbe@gmail.com,firefighter,993
1093,Maud,Germann,Maud.Germann@yopmail.com,Maud.Germann@gmail.com,doctor,994
1094,Mara,Sekofski,Mara.Sekofski@yopmail.com,Mara.Sekofski@gmail.com,worker,995
1095,Brana,Kermit,Brana.Kermit@yopmail.com,Brana.Kermit@gmail.com,worker,996
1096,Lilith,Shanley,Lilith.Shanley@yopmail.com,Lilith.Shanley@gmail.com,firefighter,997
1097,Danny,Boycey,Danny.Boycey@yopmail.com,Danny.Boycey@gmail.com,developer,998
1098,Elmira,Newell,Elmira.Newell@yopmail.com,Elmira.Newell@gmail.com,firefighter,999
1099,Kathy,Damarra,Kathy.Damarra@yopmail.com,Kathy.Damarra@gmail.com,developer,1000